"id_sale","sale_date","product","category","unit_price","quantity","discount","total_sales","profit","customer","location","profit_margin","discounted_price"
1,2023-01-01,iPad Tablet,Mobile,2621.00,1,15.00,2227.85,497.28,Elena F.,Iasi,22.32,2228
2,2023-01-02,Laptop ASUS,Mobile,2538.00,2,10.00,4568.40,1063.97,Maria T.,Oradea,23.29,2284
3,2023-01-03,Smartwatch,Tablets,3424.00,3,15.00,8731.20,1799.99,Christina N.,Constanta,20.62,2910
4,2023-01-04,Wireless Headphones,Electronics,3183.00,5,0.00,15915.00,2307.65,Maria T.,Timisoara,14.50,3183
5,2023-01-05,Samsung TV,Audio,1245.00,1,5.00,1182.75,259.23,Andrew P.,Timisoara,21.92,1183
6,2023-01-06,Smartwatch,Audio,1733.00,5,0.00,8665.00,1745.71,Elena F.,Oradea,20.15,1733
7,2023-01-07,iPad Tablet,Accessories,4508.00,1,20.00,3606.40,853.25,Maria T.,Brasov,23.66,3606
8,2023-01-08,iPhone 14,Monitors,3450.00,3,0.00,10350.00,2162.02,Sonia R.,Oradea,20.89,3450
9,2023-01-09,Portable Speaker,Accessories,782.00,4,0.00,3128.00,556.45,Andrew P.,Bucharest,17.79,782
10,2023-01-10,Gaming Mouse,Electronics,3997.00,3,10.00,10791.90,3181.26,John D.,Constanta,29.48,3597
11,2023-01-11,Wireless Headphones,Electronics,831.00,4,5.00,3157.80,399.52,Sonia R.,Timisoara,12.65,789
12,2023-01-12,Samsung TV,Electronics,1295.00,4,0.00,5180.00,1469.64,Maria T.,Timisoara,28.37,1295
13,2023-01-13,Wireless Headphones,Electronics,2742.00,4,15.00,9322.80,1248.35,Vlad C.,Iasi,13.39,2331
14,2023-01-14,LG Monitor,Electronics,2849.00,5,0.00,14245.00,3122.34,Michael B.,Timisoara,21.92,2849
15,2023-01-15,iPad Tablet,Electronics,4810.00,4,10.00,17316.00,5071.70,Michael B.,Arad,29.29,4329
16,2023-01-16,Samsung TV,Tablets,1398.00,5,10.00,6291.00,1264.11,Maria T.,Sibiu,20.09,1258
17,2023-01-17,Laptop ASUS,Audio,4353.00,4,10.00,15670.80,4018.69,Vlad C.,Iasi,25.64,3918
18,2023-01-18,Gaming Mouse,Electronics,1157.00,1,10.00,1041.30,191.79,John D.,Sibiu,18.42,1041
19,2023-01-19,Laptop ASUS,Accessories,3778.00,5,10.00,17001.00,3972.89,Andrew P.,Oradea,23.37,3400
20,2023-01-20,Gaming Mouse,Accessories,2387.00,2,5.00,4535.30,1073.71,John D.,Constanta,23.67,2268
21,2023-01-21,Laptop ASUS,Audio,580.00,1,0.00,580.00,98.34,Christina N.,Constanta,16.96,580
22,2023-01-22,Gaming Mouse,Audio,970.00,4,5.00,3686.00,455.72,John D.,Galati,12.36,922
23,2023-01-23,iPad Tablet,Accessories,1115.00,2,5.00,2118.50,317.45,Sonia R.,Cluj,14.98,1059
24,2023-01-24,Samsung TV,Electronics,2751.00,4,20.00,8803.20,1815.44,Sonia R.,Galati,20.62,2201
25,2023-01-25,LG Monitor,Audio,224.00,4,10.00,806.40,207.92,Michael B.,Iasi,25.78,202
26,2023-01-26,Portable Speaker,Accessories,2547.00,3,20.00,6112.80,1456.78,Christina N.,Brasov,23.83,2038
27,2023-01-27,Gaming Mouse,Audio,2090.00,1,0.00,2090.00,604.35,Anna L.,Oradea,28.92,2090
28,2023-01-28,iPad Tablet,Mobile,4939.00,1,15.00,4198.15,1234.93,Anna L.,Timisoara,29.42,4198
29,2023-01-29,Gaming Mouse,Tablets,1598.00,5,5.00,7590.50,1213.18,Sonia R.,Cluj,15.98,1518
30,2023-01-30,Smartwatch,Audio,1553.00,2,0.00,3106.00,597.81,Darius M.,Iasi,19.25,1553
31,2023-01-31,Samsung TV,Electronics,2600.00,1,20.00,2080.00,430.37,John D.,Iasi,20.69,2080
32,2023-02-01,Laptop ASUS,Monitors,1356.00,1,15.00,1152.60,289.84,John D.,Sibiu,25.15,1153
33,2023-02-02,iPad Tablet,Accessories,3021.00,5,10.00,13594.50,2116.96,John D.,Oradea,15.57,2719
34,2023-02-03,Mechanical Keyboard,Accessories,967.00,3,10.00,2610.90,734.16,Andrew P.,Arad,28.12,870
35,2023-02-04,Wireless Headphones,Audio,2825.00,4,5.00,10735.00,2200.57,Anna L.,Galati,20.50,2684
36,2023-02-05,Portable Speaker,Accessories,3772.00,4,5.00,14333.60,2829.06,Maria T.,Cluj,19.74,3583
37,2023-02-06,Gaming Mouse,Electronics,842.00,4,5.00,3199.60,504.79,Darius M.,Brasov,15.78,800
38,2023-02-07,Wireless Headphones,Accessories,4272.00,2,0.00,8544.00,2319.06,John D.,Sibiu,27.14,4272
39,2023-02-08,iPhone 14,Audio,1207.00,1,20.00,965.60,209.26,Anna L.,Bucharest,21.67,966
40,2023-02-09,Samsung TV,Accessories,4648.00,1,10.00,4183.20,611.71,Andrew P.,Oradea,14.62,4183
41,2023-02-10,Samsung TV,Audio,2325.00,4,0.00,9300.00,2667.13,Elena F.,Cluj,28.68,2325
42,2023-02-11,iPhone 14,Tablets,1482.00,1,20.00,1185.60,156.23,Vlad C.,Constanta,13.18,1186
43,2023-02-12,Wireless Headphones,Accessories,615.00,4,5.00,2337.00,361.25,Anna L.,Galati,15.46,584
44,2023-02-13,iPad Tablet,Mobile,4227.00,1,20.00,3381.60,346.99,Maria T.,Timisoara,10.26,3382
45,2023-02-14,iPhone 14,Audio,2078.00,5,0.00,10390.00,1111.63,Sonia R.,Sibiu,10.70,2078
46,2023-02-15,iPad Tablet,Mobile,2438.00,4,10.00,8776.80,2631.01,Maria T.,Galati,29.98,2194
47,2023-02-16,Laptop ASUS,Accessories,1581.00,5,0.00,7905.00,2256.02,Michael B.,Cluj,28.54,1581
48,2023-02-17,Samsung TV,Monitors,650.00,4,20.00,2080.00,460.64,Vlad C.,Brasov,22.15,520
49,2023-02-18,Mechanical Keyboard,Accessories,1201.00,4,0.00,4804.00,1384.15,Elena F.,Galati,28.81,1201
50,2023-02-19,Wireless Headphones,Accessories,2617.00,5,0.00,13085.00,1999.40,Elena F.,Constanta,15.28,2617
51,2023-02-20,iPhone 14,Audio,1426.00,5,10.00,6417.00,1430.71,Andrew P.,Iasi,22.30,1283
52,2023-02-21,Portable Speaker,Monitors,1814.00,3,20.00,4353.60,449.25,Christina N.,Galati,10.32,1451
53,2023-02-22,Samsung TV,Accessories,2136.00,5,0.00,10680.00,2999.88,Anna L.,Cluj,28.09,2136
54,2023-02-23,LG Monitor,Mobile,899.00,5,10.00,4045.50,641.03,Elena F.,Oradea,15.85,809
55,2023-02-24,Gaming Mouse,Tablets,2961.00,5,5.00,14064.75,1690.32,Maria T.,Brasov,12.02,2813
56,2023-02-25,iPad Tablet,Accessories,414.00,1,0.00,414.00,123.18,Sonia R.,Cluj,29.75,414
57,2023-02-26,Wireless Headphones,Accessories,2592.00,3,15.00,6609.60,890.82,John D.,Iasi,13.48,2203
58,2023-02-27,Gaming Mouse,Accessories,3377.00,4,5.00,12832.60,2285.83,Christina N.,Constanta,17.81,3208
59,2023-02-28,LG Monitor,Accessories,4578.00,1,5.00,4349.10,758.04,Elena F.,Sibiu,17.43,4349
60,2023-03-01,Laptop ASUS,Audio,457.00,4,15.00,1553.80,401.42,Maria T.,Timisoara,25.83,388
61,2023-03-02,iPhone 14,Electronics,2515.00,2,10.00,4527.00,1192.59,Sonia R.,Galati,26.34,2264
62,2023-03-03,Mechanical Keyboard,Accessories,4220.00,1,15.00,3587.00,974.97,Christina N.,Galati,27.18,3587
63,2023-03-04,Laptop ASUS,Accessories,3352.00,3,5.00,9553.20,2013.86,John D.,Brasov,21.08,3184
64,2023-03-05,iPhone 14,Electronics,3438.00,1,20.00,2750.40,467.81,John D.,Oradea,17.01,2750
65,2023-03-06,Mechanical Keyboard,Electronics,2707.00,2,15.00,4601.90,1370.11,Elena F.,Timisoara,29.77,2301
66,2023-03-07,Gaming Mouse,Tablets,2904.00,5,20.00,11616.00,2232.57,Michael B.,Constanta,19.22,2323
67,2023-03-08,Samsung TV,Audio,2119.00,5,0.00,10595.00,1675.40,Vlad C.,Oradea,15.81,2119
68,2023-03-09,Gaming Mouse,Accessories,678.00,4,0.00,2712.00,361.43,Christina N.,Sibiu,13.33,678
69,2023-03-10,Laptop ASUS,Accessories,4051.00,3,5.00,11545.35,1338.81,Darius M.,Oradea,11.60,3848
70,2023-03-11,LG Monitor,Electronics,3946.00,5,15.00,16770.50,3062.12,John D.,Iasi,18.26,3354
71,2023-03-12,Gaming Mouse,Tablets,2145.00,4,0.00,8580.00,1063.77,John D.,Arad,12.40,2145
72,2023-03-13,Portable Speaker,Monitors,3656.00,3,15.00,9322.80,1657.34,Christina N.,Brasov,17.78,3108
73,2023-03-14,Smartwatch,Audio,258.00,5,15.00,1096.50,122.31,Sonia R.,Bucharest,11.15,219
74,2023-03-15,Portable Speaker,Audio,3196.00,4,0.00,12784.00,3772.39,Maria T.,Sibiu,29.51,3196
75,2023-03-16,Samsung TV,Electronics,2010.00,2,15.00,3417.00,464.33,Michael B.,Oradea,13.59,1709
76,2023-03-17,Gaming Mouse,Tablets,4888.00,3,20.00,11731.20,3061.50,Christina N.,Arad,26.10,3910
77,2023-03-18,Laptop ASUS,Audio,3943.00,5,0.00,19715.00,4781.37,Michael B.,Cluj,24.25,3943
78,2023-03-19,Gaming Mouse,Mobile,4187.00,4,15.00,14235.80,3266.29,Sonia R.,Cluj,22.94,3559
79,2023-03-20,Samsung TV,Electronics,877.00,2,20.00,1403.20,357.36,Darius M.,Constanta,25.47,702
80,2023-03-21,Wireless Headphones,Accessories,1583.00,2,20.00,2532.80,527.23,Vlad C.,Bucharest,20.82,1266
81,2023-03-22,iPhone 14,Monitors,3184.00,5,0.00,15920.00,4493.12,Michael B.,Cluj,28.22,3184
82,2023-03-23,Portable Speaker,Accessories,2637.00,2,15.00,4482.90,611.48,Anna L.,Timisoara,13.64,2241
83,2023-03-24,Smartwatch,Electronics,1667.00,4,0.00,6668.00,1430.46,Darius M.,Constanta,21.45,1667
84,2023-03-25,Gaming Mouse,Electronics,2159.00,1,0.00,2159.00,506.11,John D.,Arad,23.44,2159
85,2023-03-26,Portable Speaker,Tablets,3475.00,3,5.00,9903.75,1294.91,Vlad C.,Brasov,13.07,3301
86,2023-03-27,Portable Speaker,Accessories,4713.00,4,5.00,17909.40,5251.02,John D.,Bucharest,29.32,4477
87,2023-03-28,Gaming Mouse,Electronics,2987.00,2,20.00,4779.20,493.12,Maria T.,Constanta,10.32,2390
88,2023-03-29,Mechanical Keyboard,Electronics,2721.00,5,15.00,11564.25,3439.51,John D.,Brasov,29.74,2313
89,2023-03-30,iPad Tablet,Electronics,1337.00,4,10.00,4813.20,788.12,Anna L.,Brasov,16.37,1203
90,2023-03-31,Samsung TV,Monitors,3114.00,1,5.00,2958.30,317.33,John D.,Oradea,10.73,2958
91,2023-04-01,Samsung TV,Accessories,595.00,5,10.00,2677.50,628.00,John D.,Galati,23.45,536
92,2023-04-02,LG Monitor,Monitors,2599.00,2,0.00,5198.00,1176.30,Christina N.,Galati,22.63,2599
93,2023-04-03,Samsung TV,Electronics,3011.00,5,20.00,12044.00,2312.64,Elena F.,Iasi,19.20,2409
94,2023-04-04,Portable Speaker,Electronics,1712.00,1,15.00,1455.20,390.77,Anna L.,Iasi,26.85,1455
95,2023-04-05,iPad Tablet,Accessories,1572.00,4,15.00,5344.80,1156.83,Vlad C.,Timisoara,21.64,1336
96,2023-04-06,Portable Speaker,Accessories,1503.00,5,10.00,6763.50,1401.80,John D.,Iasi,20.73,1353
97,2023-04-07,Mechanical Keyboard,Electronics,1370.00,3,10.00,3699.00,584.47,Sonia R.,Cluj,15.80,1233
98,2023-04-08,iPhone 14,Mobile,2604.00,5,10.00,11718.00,1677.96,Sonia R.,Sibiu,14.32,2344
99,2023-04-09,Portable Speaker,Accessories,4144.00,5,0.00,20720.00,3833.76,Michael B.,Sibiu,18.50,4144
100,2023-04-10,LG Monitor,Electronics,2275.00,5,15.00,9668.75,1592.88,Michael B.,Constanta,16.47,1934
101,2023-04-11,LG Monitor,Accessories,4345.00,3,0.00,13035.00,3158.64,Sonia R.,Cluj,24.23,4345
102,2023-04-12,iPad Tablet,Accessories,2966.00,2,20.00,4745.60,1197.07,Vlad C.,Oradea,25.22,2373
103,2023-04-13,Laptop ASUS,Accessories,818.00,1,20.00,654.40,136.78,Darius M.,Iasi,20.90,654
104,2023-04-14,Laptop ASUS,Accessories,2341.00,3,15.00,5969.55,688.84,Andrew P.,Arad,11.54,1990
105,2023-04-15,Gaming Mouse,Mobile,2790.00,4,0.00,11160.00,3192.58,Vlad C.,Constanta,28.61,2790
106,2023-04-16,Smartwatch,Accessories,3015.00,4,20.00,9648.00,1723.36,Anna L.,Arad,17.86,2412
107,2023-04-17,Samsung TV,Accessories,1763.00,3,0.00,5289.00,1493.87,Vlad C.,Brasov,28.24,1763
108,2023-04-18,Gaming Mouse,Monitors,2692.00,4,0.00,10768.00,1596.63,Andrew P.,Sibiu,14.83,2692
109,2023-04-19,Gaming Mouse,Accessories,2612.00,3,20.00,6268.80,1338.41,Anna L.,Iasi,21.35,2090
110,2023-04-20,LG Monitor,Audio,3624.00,1,5.00,3442.80,359.07,Sonia R.,Iasi,10.43,3443
111,2023-04-21,LG Monitor,Mobile,3175.00,5,0.00,15875.00,1969.88,Michael B.,Sibiu,12.41,3175
112,2023-04-22,Mechanical Keyboard,Mobile,3952.00,2,10.00,7113.60,844.44,Christina N.,Galati,11.87,3557
113,2023-04-23,Smartwatch,Accessories,4022.00,3,10.00,10859.40,2311.81,Darius M.,Arad,21.29,3620
114,2023-04-24,iPad Tablet,Accessories,4076.00,3,15.00,10393.80,1266.73,Maria T.,Arad,12.19,3465
115,2023-04-25,Samsung TV,Tablets,893.00,5,10.00,4018.50,664.27,Michael B.,Oradea,16.53,804
116,2023-04-26,Smartwatch,Accessories,4573.00,1,10.00,4115.70,1072.99,Anna L.,Timisoara,26.07,4116
117,2023-04-27,Portable Speaker,Accessories,3521.00,5,5.00,16724.75,2488.07,Sonia R.,Arad,14.88,3345
118,2023-04-28,LG Monitor,Electronics,2728.00,1,5.00,2591.60,317.98,Andrew P.,Oradea,12.27,2592
119,2023-04-29,Mechanical Keyboard,Electronics,2822.00,5,20.00,11288.00,2050.64,Vlad C.,Bucharest,18.17,2258
120,2023-04-30,iPhone 14,Audio,1409.00,4,10.00,5072.40,1030.80,Andrew P.,Iasi,20.32,1268
121,2023-05-01,Gaming Mouse,Tablets,1044.00,4,10.00,3758.40,1008.91,Darius M.,Cluj,26.84,940
122,2023-05-02,Laptop ASUS,Monitors,1707.00,1,5.00,1621.65,178.61,John D.,Sibiu,11.01,1622
123,2023-05-03,Portable Speaker,Accessories,3603.00,3,5.00,10268.55,2349.29,Sonia R.,Oradea,22.88,3423
124,2023-05-04,Portable Speaker,Accessories,2548.00,4,5.00,9682.40,1498.58,Andrew P.,Iasi,15.48,2421
125,2023-05-05,iPhone 14,Mobile,1132.00,5,10.00,5094.00,1186.00,Darius M.,Bucharest,23.28,1019
126,2023-05-06,Laptop ASUS,Accessories,4336.00,3,20.00,10406.40,3036.05,Darius M.,Brasov,29.17,3469
127,2023-05-07,Portable Speaker,Electronics,1226.00,4,0.00,4904.00,612.71,Sonia R.,Cluj,12.49,1226
128,2023-05-08,Gaming Mouse,Accessories,2556.00,4,0.00,10224.00,1995.87,Darius M.,Iasi,19.52,2556
129,2023-05-09,Gaming Mouse,Tablets,1556.00,1,0.00,1556.00,424.42,Elena F.,Galati,27.28,1556
130,2023-05-10,Wireless Headphones,Tablets,2363.00,2,10.00,4253.40,1236.57,Darius M.,Cluj,29.07,2127
131,2023-05-11,Wireless Headphones,Electronics,2084.00,2,5.00,3959.60,708.88,Anna L.,Sibiu,17.90,1980
132,2023-05-12,Laptop ASUS,Electronics,1055.00,5,10.00,4747.50,1344.61,Darius M.,Arad,28.32,950
133,2023-05-13,Smartwatch,Audio,4393.00,5,5.00,20866.75,5135.21,Vlad C.,Sibiu,24.61,4173
134,2023-05-14,Smartwatch,Electronics,2412.00,4,10.00,8683.20,2500.47,Darius M.,Oradea,28.80,2171
135,2023-05-15,iPad Tablet,Accessories,2043.00,1,5.00,1940.85,400.04,Christina N.,Sibiu,20.61,1941
136,2023-05-16,Mechanical Keyboard,Accessories,3707.00,4,10.00,13345.20,3923.33,Anna L.,Cluj,29.40,3336
137,2023-05-17,Samsung TV,Tablets,3204.00,3,5.00,9131.40,1159.31,Anna L.,Timisoara,12.70,3044
138,2023-05-18,Smartwatch,Electronics,3975.00,2,10.00,7155.00,1324.62,Anna L.,Galati,18.51,3578
139,2023-05-19,iPad Tablet,Electronics,1360.00,4,10.00,4896.00,743.39,Christina N.,Oradea,15.18,1224
140,2023-05-20,Laptop ASUS,Tablets,4807.00,2,0.00,9614.00,2298.77,Maria T.,Arad,23.91,4807
141,2023-05-21,iPhone 14,Audio,3242.00,3,0.00,9726.00,1473.50,Anna L.,Bucharest,15.15,3242
142,2023-05-22,LG Monitor,Audio,3482.00,3,15.00,8879.10,2464.94,Elena F.,Sibiu,27.76,2960
143,2023-05-23,Laptop ASUS,Tablets,443.00,4,10.00,1594.80,189.27,Michael B.,Brasov,11.87,399
144,2023-05-24,Laptop ASUS,Accessories,4690.00,5,0.00,23450.00,6036.44,Darius M.,Sibiu,25.74,4690
145,2023-05-25,Laptop ASUS,Accessories,2445.00,1,0.00,2445.00,365.09,Sonia R.,Galati,14.93,2445
146,2023-05-26,Portable Speaker,Electronics,2824.00,2,5.00,5365.60,1479.11,Elena F.,Sibiu,27.57,2683
147,2023-05-27,iPad Tablet,Tablets,421.00,4,15.00,1431.40,208.12,Christina N.,Sibiu,14.54,358
148,2023-05-28,Samsung TV,Accessories,3840.00,5,10.00,17280.00,4767.91,Maria T.,Timisoara,27.59,3456
149,2023-05-29,Portable Speaker,Accessories,1128.00,1,10.00,1015.20,249.56,Christina N.,Constanta,24.58,1015
150,2023-05-30,Mechanical Keyboard,Accessories,3245.00,4,15.00,11033.00,1585.33,Anna L.,Arad,14.37,2758
151,2023-05-31,Portable Speaker,Mobile,1668.00,3,0.00,5004.00,1458.15,Darius M.,Bucharest,29.14,1668
152,2023-06-01,iPad Tablet,Accessories,4252.00,4,20.00,13606.40,3126.00,Darius M.,Bucharest,22.97,3402
153,2023-06-02,Wireless Headphones,Tablets,2256.00,2,20.00,3609.60,895.05,Christina N.,Cluj,24.80,1805
154,2023-06-03,Samsung TV,Accessories,4034.00,5,15.00,17144.50,2778.98,Andrew P.,Timisoara,16.21,3429
155,2023-06-04,Mechanical Keyboard,Audio,4074.00,3,20.00,9777.60,1949.64,John D.,Arad,19.94,3259
156,2023-06-05,Laptop ASUS,Accessories,4149.00,5,20.00,16596.00,4914.11,Maria T.,Sibiu,29.61,3319
157,2023-06-06,Mechanical Keyboard,Mobile,2303.00,3,10.00,6218.10,1259.66,John D.,Cluj,20.26,2073
158,2023-06-07,Smartwatch,Electronics,2725.00,2,15.00,4632.50,627.84,Elena F.,Cluj,13.55,2316
159,2023-06-08,Gaming Mouse,Tablets,3706.00,3,10.00,10006.20,2587.93,John D.,Bucharest,25.86,3335
160,2023-06-09,Gaming Mouse,Mobile,1239.00,3,5.00,3531.15,836.85,Maria T.,Cluj,23.70,1177
161,2023-06-10,Laptop ASUS,Accessories,1139.00,3,5.00,3246.15,713.01,Vlad C.,Timisoara,21.96,1082
162,2023-06-11,Portable Speaker,Mobile,1760.00,1,20.00,1408.00,177.34,Michael B.,Bucharest,12.60,1408
163,2023-06-12,iPad Tablet,Electronics,3530.00,2,10.00,6354.00,689.86,Michael B.,Arad,10.86,3177
164,2023-06-13,Portable Speaker,Accessories,1835.00,2,20.00,2936.00,525.46,Darius M.,Cluj,17.90,1468
165,2023-06-14,Mechanical Keyboard,Electronics,1477.00,1,0.00,1477.00,202.75,Maria T.,Timisoara,13.73,1477
166,2023-06-15,Gaming Mouse,Accessories,3239.00,1,20.00,2591.20,277.91,Michael B.,Galati,10.73,2591
167,2023-06-16,Smartwatch,Monitors,1541.00,5,5.00,7319.75,2186.28,Christina N.,Cluj,29.87,1464
168,2023-06-17,Portable Speaker,Electronics,2569.00,4,15.00,8734.60,978.04,Elena F.,Cluj,11.20,2184
169,2023-06-18,Mechanical Keyboard,Mobile,2144.00,2,0.00,4288.00,922.85,Maria T.,Sibiu,21.52,2144
170,2023-06-19,Wireless Headphones,Accessories,1651.00,2,5.00,3136.90,830.55,Darius M.,Brasov,26.48,1568
171,2023-06-20,Gaming Mouse,Mobile,4306.00,5,15.00,18300.50,4760.30,Maria T.,Brasov,26.01,3660
172,2023-06-21,LG Monitor,Audio,2400.00,3,10.00,6480.00,1760.65,Sonia R.,Cluj,27.17,2160
173,2023-06-22,Smartwatch,Tablets,2777.00,4,20.00,8886.40,1182.07,Darius M.,Iasi,13.30,2222
174,2023-06-23,Wireless Headphones,Accessories,1540.00,1,15.00,1309.00,224.18,Elena F.,Sibiu,17.13,1309
175,2023-06-24,iPhone 14,Audio,4497.00,5,0.00,22485.00,3628.05,Christina N.,Bucharest,16.14,4497
176,2023-06-25,iPad Tablet,Accessories,273.00,3,0.00,819.00,83.37,Elena F.,Oradea,10.18,273
177,2023-06-26,Wireless Headphones,Accessories,3249.00,1,20.00,2599.20,530.55,Anna L.,Brasov,20.41,2599
178,2023-06-27,Laptop ASUS,Electronics,1743.00,1,15.00,1481.55,403.06,Christina N.,Cluj,27.21,1482
179,2023-06-28,Portable Speaker,Accessories,2593.00,5,20.00,10372.00,2854.60,John D.,Sibiu,27.52,2074
180,2023-06-29,Laptop ASUS,Electronics,3270.00,3,5.00,9319.50,1102.08,John D.,Arad,11.83,3107
181,2023-06-30,Wireless Headphones,Tablets,3732.00,4,5.00,14181.60,2281.48,Michael B.,Brasov,16.09,3545
182,2023-07-01,Portable Speaker,Electronics,3993.00,1,15.00,3394.05,920.96,Anna L.,Bucharest,27.13,3394
183,2023-07-02,iPhone 14,Electronics,4783.00,5,15.00,20327.75,3927.05,Andrew P.,Iasi,19.32,4066
184,2023-07-03,Wireless Headphones,Audio,4074.00,3,5.00,11610.90,2471.96,Maria T.,Oradea,21.29,3870
185,2023-07-04,Portable Speaker,Audio,1325.00,2,0.00,2650.00,370.23,Sonia R.,Constanta,13.97,1325
186,2023-07-05,LG Monitor,Electronics,1192.00,3,5.00,3397.20,764.71,Sonia R.,Bucharest,22.51,1132
187,2023-07-06,Samsung TV,Electronics,1273.00,3,0.00,3819.00,445.61,Vlad C.,Bucharest,11.67,1273
188,2023-07-07,Portable Speaker,Electronics,1223.00,4,0.00,4892.00,1246.88,Vlad C.,Brasov,25.49,1223
189,2023-07-08,Portable Speaker,Mobile,2504.00,2,0.00,5008.00,792.13,Anna L.,Sibiu,15.82,2504
190,2023-07-09,Gaming Mouse,Monitors,856.00,5,20.00,3424.00,360.93,Christina N.,Oradea,10.54,685
191,2023-07-10,Laptop ASUS,Accessories,1168.00,4,0.00,4672.00,1298.98,Sonia R.,Sibiu,27.80,1168
192,2023-07-11,Laptop ASUS,Monitors,3794.00,4,20.00,12140.80,2305.48,Sonia R.,Oradea,18.99,3035
193,2023-07-12,Portable Speaker,Accessories,4442.00,3,10.00,11993.40,2395.35,Vlad C.,Cluj,19.97,3998
194,2023-07-13,Laptop ASUS,Accessories,3054.00,4,0.00,12216.00,3438.95,Michael B.,Iasi,28.15,3054
195,2023-07-14,Wireless Headphones,Electronics,2573.00,3,5.00,7333.05,2133.64,Christina N.,Bucharest,29.10,2444
196,2023-07-15,Smartwatch,Audio,4273.00,5,15.00,18160.25,4788.28,Maria T.,Galati,26.37,3632
197,2023-07-16,Laptop ASUS,Accessories,4727.00,1,15.00,4017.95,624.11,Anna L.,Timisoara,15.53,4018
198,2023-07-17,iPhone 14,Accessories,416.00,1,15.00,353.60,46.05,Michael B.,Cluj,13.02,354
199,2023-07-18,Mechanical Keyboard,Accessories,4454.00,5,20.00,17816.00,3337.75,Michael B.,Arad,18.73,3563
200,2023-07-19,Portable Speaker,Accessories,2160.00,5,10.00,9720.00,1539.60,Sonia R.,Iasi,15.84,1944
201,2023-07-20,iPad Tablet,Accessories,2612.00,4,0.00,10448.00,1598.67,Sonia R.,Timisoara,15.30,2612
202,2023-07-21,iPad Tablet,Electronics,3015.00,4,5.00,11457.00,1419.80,Elena F.,Oradea,12.39,2864
203,2023-07-22,iPhone 14,Accessories,3182.00,5,10.00,14319.00,4258.78,Vlad C.,Cluj,29.74,2864
204,2023-07-23,Laptop ASUS,Monitors,4814.00,2,5.00,9146.60,1866.35,John D.,Sibiu,20.40,4573
205,2023-07-24,LG Monitor,Audio,279.00,2,20.00,446.40,103.13,Anna L.,Galati,23.10,223
206,2023-07-25,Gaming Mouse,Audio,1732.00,2,10.00,3117.60,370.57,Andrew P.,Arad,11.89,1559
207,2023-07-26,Wireless Headphones,Accessories,4940.00,3,10.00,13338.00,2799.25,John D.,Galati,20.99,4446
208,2023-07-27,Gaming Mouse,Mobile,4008.00,4,5.00,15230.40,1939.82,Elena F.,Arad,12.74,3808
209,2023-07-28,Wireless Headphones,Tablets,3719.00,1,0.00,3719.00,775.03,John D.,Constanta,20.84,3719
210,2023-07-29,Gaming Mouse,Electronics,2955.00,1,0.00,2955.00,318.88,Darius M.,Cluj,10.79,2955
211,2023-07-30,iPhone 14,Tablets,2472.00,4,0.00,9888.00,2161.57,Darius M.,Constanta,21.86,2472
212,2023-07-31,iPad Tablet,Electronics,4584.00,2,10.00,8251.20,1470.18,Darius M.,Arad,17.82,4126
213,2023-08-01,Mechanical Keyboard,Electronics,1590.00,1,0.00,1590.00,186.51,Sonia R.,Timisoara,11.73,1590
214,2023-08-02,Samsung TV,Audio,4353.00,5,0.00,21765.00,2304.58,Vlad C.,Timisoara,10.59,4353
215,2023-08-03,Mechanical Keyboard,Electronics,3253.00,3,15.00,8295.15,1688.70,Elena F.,Sibiu,20.36,2765
216,2023-08-04,Wireless Headphones,Monitors,1897.00,1,0.00,1897.00,432.42,Christina N.,Timisoara,22.79,1897
217,2023-08-05,Portable Speaker,Tablets,1954.00,3,20.00,4689.60,604.56,John D.,Sibiu,12.89,1563
218,2023-08-06,Portable Speaker,Accessories,4104.00,1,0.00,4104.00,940.62,Maria T.,Oradea,22.92,4104
219,2023-08-07,Smartwatch,Electronics,2329.00,3,20.00,5589.60,1140.99,Andrew P.,Sibiu,20.41,1863
220,2023-08-08,Wireless Headphones,Electronics,3077.00,4,0.00,12308.00,3013.00,Darius M.,Constanta,24.48,3077
221,2023-08-09,LG Monitor,Accessories,3711.00,1,5.00,3525.45,929.42,Christina N.,Arad,26.36,3525
222,2023-08-10,Portable Speaker,Mobile,935.00,3,15.00,2384.25,621.14,Christina N.,Arad,26.05,795
223,2023-08-11,iPad Tablet,Mobile,4287.00,3,10.00,11574.90,2161.73,Darius M.,Arad,18.68,3858
224,2023-08-12,Wireless Headphones,Accessories,3458.00,1,20.00,2766.40,585.85,Maria T.,Brasov,21.18,2766
225,2023-08-13,Samsung TV,Monitors,1137.00,4,20.00,3638.40,575.75,John D.,Constanta,15.82,910
226,2023-08-14,iPhone 14,Electronics,2880.00,3,20.00,6912.00,1424.37,Vlad C.,Arad,20.61,2304
227,2023-08-15,iPad Tablet,Tablets,3124.00,4,5.00,11871.20,2206.29,Sonia R.,Bucharest,18.59,2968
228,2023-08-16,iPad Tablet,Electronics,2854.00,2,15.00,4851.80,503.71,Maria T.,Timisoara,10.38,2426
229,2023-08-17,Wireless Headphones,Electronics,1942.00,3,15.00,4952.10,930.91,Andrew P.,Cluj,18.80,1651
230,2023-08-18,Portable Speaker,Electronics,2301.00,3,5.00,6557.85,1070.72,Darius M.,Brasov,16.33,2186
231,2023-08-19,Portable Speaker,Audio,2329.00,3,20.00,5589.60,1159.55,Sonia R.,Sibiu,20.74,1863
232,2023-08-20,Mechanical Keyboard,Audio,3790.00,3,5.00,10801.50,3167.86,Vlad C.,Constanta,29.33,3601
233,2023-08-21,Wireless Headphones,Accessories,1961.00,1,20.00,1568.80,307.94,Sonia R.,Timisoara,19.63,1569
234,2023-08-22,Gaming Mouse,Electronics,2007.00,4,5.00,7626.60,1151.29,Michael B.,Galati,15.10,1907
235,2023-08-23,iPhone 14,Mobile,335.00,4,5.00,1273.00,224.82,Darius M.,Cluj,17.66,318
236,2023-08-24,iPad Tablet,Mobile,235.00,5,5.00,1116.25,331.55,Sonia R.,Brasov,29.70,223
237,2023-08-25,Mechanical Keyboard,Tablets,4044.00,1,5.00,3841.80,522.80,Maria T.,Iasi,13.61,3842
238,2023-08-26,Smartwatch,Monitors,3981.00,2,0.00,7962.00,1521.06,Anna L.,Cluj,19.10,3981
239,2023-08-27,LG Monitor,Electronics,690.00,5,20.00,2760.00,501.15,John D.,Iasi,18.16,552
240,2023-08-28,Laptop ASUS,Monitors,4365.00,5,15.00,18551.25,2133.12,Anna L.,Galati,11.50,3710
241,2023-08-29,Smartwatch,Accessories,4767.00,4,20.00,15254.40,3348.07,Maria T.,Constanta,21.95,3814
242,2023-08-30,Laptop ASUS,Accessories,434.00,2,10.00,781.20,189.03,Anna L.,Arad,24.20,391
243,2023-08-31,LG Monitor,Audio,4977.00,5,10.00,22396.50,4425.71,Andrew P.,Cluj,19.76,4479
244,2023-09-01,iPad Tablet,Tablets,1252.00,5,20.00,5008.00,773.59,John D.,Sibiu,15.45,1002
245,2023-09-02,Mechanical Keyboard,Tablets,4935.00,3,5.00,14064.75,2977.26,Christina N.,Constanta,21.17,4688
246,2023-09-03,iPad Tablet,Accessories,4742.00,4,20.00,15174.40,3815.42,Maria T.,Sibiu,25.14,3794
247,2023-09-04,LG Monitor,Accessories,2775.00,5,5.00,13181.25,1736.25,Andrew P.,Cluj,13.17,2636
248,2023-09-05,Gaming Mouse,Tablets,688.00,2,20.00,1100.80,323.37,Darius M.,Oradea,29.38,550
249,2023-09-06,Mechanical Keyboard,Accessories,2465.00,2,15.00,4190.50,1191.99,Darius M.,Cluj,28.45,2095
250,2023-09-07,Wireless Headphones,Tablets,829.00,5,10.00,3730.50,780.26,Christina N.,Brasov,20.92,746
251,2023-09-08,LG Monitor,Electronics,2945.00,5,15.00,12516.25,2083.96,Andrew P.,Sibiu,16.65,2503
252,2023-09-09,Smartwatch,Electronics,3984.00,4,5.00,15139.20,1709.06,John D.,Constanta,11.29,3785
253,2023-09-10,Smartwatch,Mobile,4411.00,3,10.00,11909.70,3498.35,Christina N.,Oradea,29.37,3970
254,2023-09-11,iPhone 14,Tablets,4576.00,1,5.00,4347.20,614.24,Vlad C.,Cluj,14.13,4347
255,2023-09-12,Smartwatch,Electronics,2993.00,1,0.00,2993.00,879.49,Michael B.,Cluj,29.38,2993
256,2023-09-13,Samsung TV,Monitors,4381.00,4,10.00,15771.60,3064.26,Andrew P.,Brasov,19.43,3943
257,2023-09-14,Wireless Headphones,Audio,582.00,1,20.00,465.60,122.74,John D.,Timisoara,26.36,466
258,2023-09-15,Smartwatch,Tablets,1824.00,3,15.00,4651.20,724.97,Christina N.,Timisoara,15.59,1550
259,2023-09-16,Samsung TV,Accessories,2592.00,2,10.00,4665.60,1295.10,Vlad C.,Bucharest,27.76,2333
260,2023-09-17,iPad Tablet,Accessories,1474.00,1,10.00,1326.60,133.36,Vlad C.,Oradea,10.05,1327
261,2023-09-18,Gaming Mouse,Electronics,1886.00,3,10.00,5092.20,1474.22,Andrew P.,Timisoara,28.95,1697
262,2023-09-19,LG Monitor,Accessories,1596.00,5,0.00,7980.00,865.03,Vlad C.,Galati,10.84,1596
263,2023-09-20,iPhone 14,Audio,2296.00,3,10.00,6199.20,1015.09,Michael B.,Timisoara,16.37,2066
264,2023-09-21,Mechanical Keyboard,Mobile,4536.00,4,0.00,18144.00,5367.22,John D.,Oradea,29.58,4536
265,2023-09-22,iPad Tablet,Accessories,2351.00,4,5.00,8933.80,2585.43,Maria T.,Galati,28.94,2233
266,2023-09-23,Portable Speaker,Audio,2199.00,1,15.00,1869.15,227.94,Andrew P.,Brasov,12.19,1869
267,2023-09-24,Wireless Headphones,Accessories,4843.00,2,15.00,8233.10,1168.88,Maria T.,Oradea,14.20,4117
268,2023-09-25,Mechanical Keyboard,Accessories,4921.00,4,0.00,19684.00,4155.12,Sonia R.,Oradea,21.11,4921
269,2023-09-26,Portable Speaker,Monitors,823.00,4,0.00,3292.00,780.72,Christina N.,Timisoara,23.72,823
270,2023-09-27,Gaming Mouse,Accessories,3353.00,2,0.00,6706.00,1746.46,Sonia R.,Oradea,26.04,3353
271,2023-09-28,Samsung TV,Audio,1016.00,4,5.00,3860.80,925.36,Michael B.,Galati,23.97,965
272,2023-09-29,Laptop ASUS,Mobile,2494.00,5,15.00,10599.50,1868.58,Darius M.,Sibiu,17.63,2120
273,2023-09-30,Wireless Headphones,Electronics,223.00,4,10.00,802.80,225.93,Sonia R.,Galati,28.14,201
274,2023-10-01,Laptop ASUS,Accessories,1880.00,5,0.00,9400.00,2762.50,Vlad C.,Iasi,29.39,1880
275,2023-10-02,Laptop ASUS,Accessories,3109.00,3,5.00,8860.65,2128.83,Andrew P.,Oradea,24.03,2954
276,2023-10-03,LG Monitor,Mobile,1938.00,2,10.00,3488.40,468.04,Christina N.,Oradea,13.42,1744
277,2023-10-04,Wireless Headphones,Tablets,1397.00,3,20.00,3352.80,717.78,Maria T.,Constanta,21.41,1118
278,2023-10-05,Mechanical Keyboard,Electronics,4459.00,2,15.00,7580.30,2191.56,Darius M.,Constanta,28.91,3790
279,2023-10-06,Laptop ASUS,Accessories,3319.00,4,20.00,10620.80,1422.62,Christina N.,Oradea,13.39,2655
280,2023-10-07,Mechanical Keyboard,Audio,607.00,2,0.00,1214.00,129.11,Anna L.,Cluj,10.64,607
281,2023-10-08,iPhone 14,Accessories,708.00,5,10.00,3186.00,934.34,Darius M.,Galati,29.33,637
282,2023-10-09,Gaming Mouse,Accessories,1776.00,1,5.00,1687.20,403.11,Sonia R.,Galati,23.89,1687
283,2023-10-10,Smartwatch,Electronics,1779.00,5,10.00,8005.50,1657.80,Anna L.,Iasi,20.71,1601
284,2023-10-11,Samsung TV,Accessories,2864.00,5,15.00,12172.00,2177.87,Christina N.,Iasi,17.89,2434
285,2023-10-12,iPad Tablet,Electronics,1767.00,2,0.00,3534.00,362.05,Elena F.,Bucharest,10.24,1767
286,2023-10-13,LG Monitor,Accessories,2537.00,1,15.00,2156.45,270.24,Darius M.,Bucharest,12.53,2156
287,2023-10-14,Laptop ASUS,Accessories,4489.00,3,20.00,10773.60,2104.52,Andrew P.,Iasi,19.53,3591
288,2023-10-15,Gaming Mouse,Electronics,2623.00,2,5.00,4983.70,998.31,Sonia R.,Arad,20.03,2492
289,2023-10-16,Smartwatch,Tablets,1660.00,1,5.00,1577.00,401.16,Christina N.,Cluj,25.44,1577
290,2023-10-17,Samsung TV,Tablets,2144.00,1,15.00,1822.40,274.61,Anna L.,Timisoara,15.07,1822
291,2023-10-18,Smartwatch,Accessories,1889.00,2,10.00,3400.20,445.17,Michael B.,Oradea,13.09,1700
292,2023-10-19,Laptop ASUS,Accessories,3353.00,4,0.00,13412.00,3658.36,Sonia R.,Bucharest,27.28,3353
293,2023-10-20,Portable Speaker,Mobile,2517.00,3,5.00,7173.45,869.22,Michael B.,Galati,12.12,2391
294,2023-10-21,LG Monitor,Tablets,4030.00,5,0.00,20150.00,4057.72,Andrew P.,Brasov,20.14,4030
295,2023-10-22,Portable Speaker,Tablets,1777.00,1,5.00,1688.15,391.17,Andrew P.,Iasi,23.17,1688
296,2023-10-23,Portable Speaker,Electronics,2326.00,5,10.00,10467.00,1288.61,Darius M.,Iasi,12.31,2093
297,2023-10-24,Laptop ASUS,Electronics,4253.00,4,0.00,17012.00,2650.93,Sonia R.,Iasi,15.58,4253
298,2023-10-25,iPad Tablet,Electronics,3740.00,4,15.00,12716.00,2052.19,Andrew P.,Constanta,16.14,3179
299,2023-10-26,Mechanical Keyboard,Tablets,2109.00,2,10.00,3796.20,923.93,Maria T.,Brasov,24.34,1898
300,2023-10-27,Samsung TV,Audio,692.00,4,10.00,2491.20,263.88,Elena F.,Sibiu,10.59,623
301,2023-10-28,Mechanical Keyboard,Accessories,1812.00,5,5.00,8607.00,1397.33,Anna L.,Galati,16.23,1721
302,2023-10-29,Portable Speaker,Electronics,292.00,5,0.00,1460.00,201.36,Michael B.,Arad,13.79,292
303,2023-10-30,LG Monitor,Audio,1098.00,5,5.00,5215.50,1061.70,Maria T.,Sibiu,20.36,1043
304,2023-10-31,Samsung TV,Accessories,2738.00,5,5.00,13005.50,2692.31,Christina N.,Oradea,20.70,2601
305,2023-11-01,Samsung TV,Accessories,955.00,5,15.00,4058.75,840.53,Maria T.,Sibiu,20.71,812
306,2023-11-02,Smartwatch,Accessories,516.00,2,10.00,928.80,275.15,Sonia R.,Bucharest,29.62,464
307,2023-11-03,Laptop ASUS,Monitors,1012.00,4,10.00,3643.20,977.08,Christina N.,Oradea,26.82,911
308,2023-11-04,Portable Speaker,Audio,4465.00,3,0.00,13395.00,1462.90,Vlad C.,Bucharest,10.92,4465
309,2023-11-05,LG Monitor,Electronics,3333.00,4,5.00,12665.40,2943.21,Maria T.,Iasi,23.24,3166
310,2023-11-06,iPhone 14,Electronics,4272.00,2,15.00,7262.40,1715.11,Darius M.,Cluj,23.62,3631
311,2023-11-07,Laptop ASUS,Audio,1798.00,5,15.00,7641.50,2236.25,Elena F.,Brasov,29.26,1528
312,2023-11-08,LG Monitor,Accessories,856.00,1,15.00,727.60,157.12,Vlad C.,Timisoara,21.59,728
313,2023-11-09,Mechanical Keyboard,Accessories,1686.00,2,15.00,2866.20,552.01,Christina N.,Iasi,19.26,1433
314,2023-11-10,Gaming Mouse,Accessories,2977.00,2,0.00,5954.00,1423.05,Maria T.,Bucharest,23.90,2977
315,2023-11-11,Laptop ASUS,Accessories,322.00,5,15.00,1368.50,271.30,Michael B.,Arad,19.82,274
316,2023-11-12,Wireless Headphones,Electronics,4652.00,1,0.00,4652.00,1256.16,Michael B.,Cluj,27.00,4652
317,2023-11-13,Laptop ASUS,Monitors,2387.00,2,0.00,4774.00,589.75,Darius M.,Sibiu,12.35,2387
318,2023-11-14,Gaming Mouse,Accessories,4864.00,3,15.00,12403.20,3651.75,Vlad C.,Sibiu,29.44,4134
319,2023-11-15,Samsung TV,Mobile,298.00,3,10.00,804.60,176.77,Maria T.,Timisoara,21.97,268
320,2023-11-16,LG Monitor,Tablets,559.00,3,5.00,1593.15,221.77,Darius M.,Constanta,13.92,531
321,2023-11-17,Mechanical Keyboard,Mobile,1827.00,3,0.00,5481.00,1573.69,Michael B.,Brasov,28.71,1827
322,2023-11-18,Wireless Headphones,Electronics,2510.00,2,5.00,4769.00,650.08,John D.,Timisoara,13.63,2385
323,2023-11-19,Portable Speaker,Accessories,2634.00,1,0.00,2634.00,447.28,Michael B.,Galati,16.98,2634
324,2023-11-20,iPhone 14,Accessories,1945.00,4,10.00,7002.00,2089.26,Maria T.,Cluj,29.84,1751
325,2023-11-21,Smartwatch,Accessories,1224.00,3,15.00,3121.20,906.52,Sonia R.,Bucharest,29.04,1040
326,2023-11-22,Samsung TV,Accessories,3820.00,3,10.00,10314.00,2464.00,Sonia R.,Arad,23.89,3438
327,2023-11-23,Gaming Mouse,Electronics,3709.00,3,20.00,8901.60,1301.21,Sonia R.,Iasi,14.62,2967
328,2023-11-24,iPad Tablet,Accessories,1634.00,1,15.00,1388.90,224.43,Andrew P.,Constanta,16.16,1389
329,2023-11-25,Wireless Headphones,Accessories,3428.00,3,20.00,8227.20,1693.12,Elena F.,Cluj,20.58,2742
330,2023-11-26,Laptop ASUS,Audio,4522.00,1,0.00,4522.00,634.07,Elena F.,Brasov,14.02,4522
331,2023-11-27,iPad Tablet,Monitors,4381.00,5,10.00,19714.50,3868.53,Darius M.,Brasov,19.62,3943
332,2023-11-28,iPad Tablet,Monitors,3327.00,2,20.00,5323.20,1438.77,Elena F.,Timisoara,27.03,2662
333,2023-11-29,Portable Speaker,Electronics,805.00,4,20.00,2576.00,696.85,Maria T.,Galati,27.05,644
334,2023-11-30,Wireless Headphones,Accessories,3132.00,1,5.00,2975.40,731.33,Sonia R.,Oradea,24.58,2975
335,2023-12-01,Smartwatch,Audio,2724.00,1,15.00,2315.40,532.93,Sonia R.,Constanta,23.02,2315
336,2023-12-02,Gaming Mouse,Audio,3452.00,1,20.00,2761.60,375.44,Michael B.,Timisoara,13.60,2762
337,2023-12-03,Gaming Mouse,Accessories,2070.00,5,5.00,9832.50,2549.31,John D.,Bucharest,25.93,1967
338,2023-12-04,Laptop ASUS,Accessories,268.00,3,20.00,643.20,133.77,Andrew P.,Oradea,20.80,214
339,2023-12-05,Gaming Mouse,Tablets,2675.00,1,20.00,2140.00,235.52,Sonia R.,Iasi,11.01,2140
340,2023-12-06,LG Monitor,Electronics,4152.00,3,10.00,11210.40,1548.65,Maria T.,Bucharest,13.81,3737
341,2023-12-07,Mechanical Keyboard,Accessories,4900.00,1,0.00,4900.00,592.50,Michael B.,Iasi,12.09,4900
342,2023-12-08,Gaming Mouse,Accessories,3088.00,4,15.00,10499.20,2406.87,John D.,Oradea,22.92,2625
343,2023-12-09,Portable Speaker,Electronics,3832.00,3,10.00,10346.40,2116.76,Sonia R.,Brasov,20.46,3449
344,2023-12-10,LG Monitor,Electronics,1277.00,3,0.00,3831.00,415.63,Michael B.,Sibiu,10.85,1277
345,2023-12-11,iPad Tablet,Monitors,3503.00,4,15.00,11910.20,1804.56,Elena F.,Cluj,15.15,2978
346,2023-12-12,iPad Tablet,Accessories,512.00,5,5.00,2432.00,536.15,Vlad C.,Timisoara,22.05,486
347,2023-12-13,Smartwatch,Accessories,859.00,4,5.00,3264.20,724.31,Michael B.,Sibiu,22.19,816
348,2023-12-14,Portable Speaker,Audio,1126.00,1,5.00,1069.70,208.38,Michael B.,Bucharest,19.48,1070
349,2023-12-15,Mechanical Keyboard,Electronics,757.00,3,10.00,2043.90,289.01,John D.,Cluj,14.14,681
350,2023-12-16,Laptop ASUS,Accessories,911.00,4,5.00,3461.80,498.06,Michael B.,Iasi,14.39,865
351,2023-12-17,Portable Speaker,Accessories,4803.00,5,10.00,21613.50,5891.81,Andrew P.,Iasi,27.26,4323
352,2023-12-18,iPad Tablet,Mobile,4062.00,2,15.00,6905.40,701.16,Maria T.,Timisoara,10.15,3453
353,2023-12-19,iPhone 14,Electronics,583.00,3,20.00,1399.20,391.40,Maria T.,Brasov,27.97,466
354,2023-12-20,Wireless Headphones,Audio,1626.00,1,10.00,1463.40,168.54,Anna L.,Arad,11.52,1463
355,2023-12-21,Gaming Mouse,Accessories,3717.00,3,5.00,10593.45,1276.78,Vlad C.,Timisoara,12.05,3531
356,2023-12-22,Gaming Mouse,Electronics,3504.00,3,15.00,8935.20,2176.90,Vlad C.,Iasi,24.36,2978
357,2023-12-23,Wireless Headphones,Accessories,1886.00,2,5.00,3583.40,453.08,Elena F.,Galati,12.64,1792
358,2023-12-24,Wireless Headphones,Accessories,377.00,2,5.00,716.30,84.36,Darius M.,Iasi,11.78,358
359,2023-12-25,Samsung TV,Audio,769.00,1,10.00,692.10,146.56,Elena F.,Oradea,21.18,692
360,2023-12-26,Samsung TV,Mobile,2841.00,4,0.00,11364.00,1476.03,John D.,Brasov,12.99,2841
361,2023-12-27,iPad Tablet,Accessories,1125.00,3,10.00,3037.50,336.80,Elena F.,Constanta,11.09,1013
362,2023-12-28,Laptop ASUS,Tablets,4286.00,2,0.00,8572.00,2519.07,Andrew P.,Iasi,29.39,4286
363,2023-12-29,iPhone 14,Accessories,2880.00,1,5.00,2736.00,278.87,Christina N.,Arad,10.19,2736
364,2023-12-30,LG Monitor,Accessories,2818.00,2,0.00,5636.00,1356.54,Maria T.,Timisoara,24.07,2818
365,2023-12-31,Samsung TV,Accessories,907.00,4,10.00,3265.20,805.36,Maria T.,Brasov,24.66,816
366,2024-01-01,iPhone 14,Accessories,2088.00,3,0.00,6264.00,1094.71,Michael B.,Galati,17.48,2088
367,2024-01-02,iPad Tablet,Electronics,3745.00,2,15.00,6366.50,646.34,Anna L.,Sibiu,10.15,3183
368,2024-01-03,Laptop ASUS,Electronics,4943.00,2,0.00,9886.00,2422.41,Sonia R.,Timisoara,24.50,4943
369,2024-01-04,Samsung TV,Accessories,2510.00,1,20.00,2008.00,493.45,Michael B.,Iasi,24.57,2008
370,2024-01-05,Mechanical Keyboard,Audio,3429.00,5,5.00,16287.75,2323.73,John D.,Sibiu,14.27,3258
371,2024-01-06,iPhone 14,Accessories,1104.00,3,0.00,3312.00,800.99,Sonia R.,Arad,24.18,1104
372,2024-01-07,iPhone 14,Electronics,3928.00,4,5.00,14926.40,1696.60,Elena F.,Galati,11.37,3732
373,2024-01-08,Samsung TV,Accessories,3512.00,4,15.00,11940.80,2805.44,Vlad C.,Sibiu,23.49,2985
374,2024-01-09,Laptop ASUS,Mobile,966.00,3,5.00,2753.10,668.26,Michael B.,Constanta,24.27,918
375,2024-01-10,iPhone 14,Accessories,4107.00,3,10.00,11088.90,1340.85,Darius M.,Brasov,12.09,3696
376,2024-01-11,iPad Tablet,Electronics,2348.00,1,0.00,2348.00,280.44,Vlad C.,Brasov,11.94,2348
377,2024-01-12,Samsung TV,Accessories,4469.00,5,15.00,18993.25,5096.93,Elena F.,Sibiu,26.84,3799
378,2024-01-13,Mechanical Keyboard,Electronics,537.00,3,15.00,1369.35,198.36,Christina N.,Iasi,14.49,456
379,2024-01-14,Smartwatch,Accessories,1068.00,1,15.00,907.80,266.65,Michael B.,Constanta,29.37,908
380,2024-01-15,Smartwatch,Tablets,3229.00,5,5.00,15337.75,3538.25,Anna L.,Brasov,23.07,3068
381,2024-01-16,Samsung TV,Accessories,3262.00,2,5.00,6197.80,1114.46,Anna L.,Arad,17.98,3099
382,2024-01-17,iPad Tablet,Mobile,2582.00,3,5.00,7358.70,2098.12,John D.,Arad,28.51,2453
383,2024-01-18,iPad Tablet,Accessories,3841.00,3,15.00,9794.55,1507.23,Sonia R.,Constanta,15.39,3265
384,2024-01-19,Samsung TV,Accessories,2538.00,3,20.00,6091.20,1666.84,Sonia R.,Constanta,27.36,2030
385,2024-01-20,iPad Tablet,Accessories,4836.00,5,0.00,24180.00,2571.91,Darius M.,Arad,10.64,4836
386,2024-01-21,Samsung TV,Accessories,1120.00,2,5.00,2128.00,537.10,Elena F.,Timisoara,25.24,1064
387,2024-01-22,iPad Tablet,Mobile,1218.00,5,0.00,6090.00,1120.84,Darius M.,Brasov,18.40,1218
388,2024-01-23,Portable Speaker,Accessories,4099.00,3,0.00,12297.00,1769.68,Elena F.,Constanta,14.39,4099
389,2024-01-24,Portable Speaker,Tablets,3515.00,4,5.00,13357.00,2375.60,Vlad C.,Timisoara,17.79,3339
390,2024-01-25,Gaming Mouse,Audio,3546.00,3,20.00,8510.40,1186.04,Elena F.,Oradea,13.94,2837
391,2024-01-26,Laptop ASUS,Mobile,2538.00,4,10.00,9136.80,1963.47,Maria T.,Oradea,21.49,2284
392,2024-01-27,Wireless Headphones,Accessories,615.00,1,10.00,553.50,147.10,Darius M.,Sibiu,26.58,554
393,2024-01-28,Smartwatch,Accessories,1640.00,3,15.00,4182.00,957.79,Elena F.,Cluj,22.90,1394
394,2024-01-29,iPad Tablet,Accessories,2027.00,2,15.00,3445.90,511.74,Andrew P.,Constanta,14.85,1723
395,2024-01-30,Samsung TV,Accessories,2100.00,3,0.00,6300.00,1440.89,Elena F.,Bucharest,22.87,2100
396,2024-01-31,Smartwatch,Accessories,1377.00,1,20.00,1101.60,242.09,Christina N.,Sibiu,21.98,1102
397,2024-02-01,Wireless Headphones,Electronics,4680.00,3,20.00,11232.00,2642.11,Maria T.,Sibiu,23.52,3744
398,2024-02-02,Gaming Mouse,Electronics,1910.00,1,0.00,1910.00,370.82,Andrew P.,Timisoara,19.41,1910
399,2024-02-03,Laptop ASUS,Accessories,1459.00,2,15.00,2480.30,476.27,Christina N.,Brasov,19.20,1240
400,2024-02-04,Mechanical Keyboard,Electronics,200.00,4,5.00,760.00,184.27,Michael B.,Brasov,24.25,190
401,2024-02-05,Samsung TV,Electronics,4376.00,3,5.00,12471.60,3438.34,Darius M.,Iasi,27.57,4157
402,2024-02-06,Smartwatch,Accessories,4954.00,1,5.00,4706.30,637.20,Christina N.,Timisoara,13.54,4706
403,2024-02-07,iPhone 14,Accessories,823.00,2,15.00,1399.10,224.30,Vlad C.,Constanta,16.03,700
404,2024-02-08,Portable Speaker,Electronics,3680.00,2,5.00,6992.00,1546.00,Anna L.,Oradea,22.11,3496
405,2024-02-09,Wireless Headphones,Electronics,3370.00,1,20.00,2696.00,446.68,John D.,Sibiu,16.57,2696
406,2024-02-10,Samsung TV,Electronics,829.00,4,20.00,2652.80,424.47,Andrew P.,Constanta,16.00,663
407,2024-02-11,Gaming Mouse,Electronics,3091.00,3,5.00,8809.35,2497.67,Andrew P.,Galati,28.35,2936
408,2024-02-12,Wireless Headphones,Accessories,225.00,4,10.00,810.00,199.18,Christina N.,Cluj,24.59,203
409,2024-02-13,Laptop ASUS,Audio,4056.00,3,0.00,12168.00,1987.09,Anna L.,Constanta,16.33,4056
410,2024-02-14,Portable Speaker,Audio,3223.00,2,15.00,5479.10,1205.46,Michael B.,Constanta,22.00,2740
411,2024-02-15,Smartwatch,Electronics,2494.00,4,5.00,9477.20,2021.62,Elena F.,Brasov,21.33,2369
412,2024-02-16,Wireless Headphones,Accessories,4522.00,3,5.00,12887.70,2942.17,Anna L.,Iasi,22.83,4296
413,2024-02-17,Portable Speaker,Mobile,951.00,1,15.00,808.35,185.74,Maria T.,Brasov,22.98,808
414,2024-02-18,iPhone 14,Electronics,4192.00,1,15.00,3563.20,614.01,John D.,Galati,17.23,3563
415,2024-02-19,Gaming Mouse,Audio,4523.00,4,0.00,18092.00,5017.36,Christina N.,Arad,27.73,4523
416,2024-02-20,iPhone 14,Audio,1851.00,4,0.00,7404.00,1300.31,Michael B.,Cluj,17.56,1851
417,2024-02-21,iPad Tablet,Accessories,3226.00,4,15.00,10968.40,1792.75,John D.,Iasi,16.34,2742
418,2024-02-22,Wireless Headphones,Electronics,1331.00,1,0.00,1331.00,306.88,Maria T.,Timisoara,23.06,1331
419,2024-02-23,Gaming Mouse,Tablets,3693.00,2,10.00,6647.40,724.63,Andrew P.,Iasi,10.90,3324
420,2024-02-24,Laptop ASUS,Electronics,2187.00,2,15.00,3717.90,995.09,Christina N.,Sibiu,26.76,1859
421,2024-02-25,LG Monitor,Tablets,4645.00,4,20.00,14864.00,2501.33,Christina N.,Cluj,16.83,3716
422,2024-02-26,Mechanical Keyboard,Accessories,348.00,5,10.00,1566.00,208.94,Anna L.,Galati,13.34,313
423,2024-02-27,LG Monitor,Accessories,931.00,5,10.00,4189.50,886.40,Maria T.,Brasov,21.16,838
424,2024-02-28,LG Monitor,Accessories,3449.00,2,10.00,6208.20,683.92,Maria T.,Iasi,11.02,3104
425,2024-02-29,LG Monitor,Audio,2276.00,5,0.00,11380.00,1265.28,Maria T.,Constanta,11.12,2276
426,2024-03-01,Samsung TV,Electronics,678.00,4,10.00,2440.80,667.46,Maria T.,Sibiu,27.35,610
427,2024-03-02,Laptop ASUS,Tablets,1763.00,5,5.00,8374.25,1841.28,Maria T.,Galati,21.99,1675
428,2024-03-03,Wireless Headphones,Accessories,3813.00,4,0.00,15252.00,2652.05,Maria T.,Galati,17.39,3813
429,2024-03-04,Mechanical Keyboard,Audio,2096.00,3,5.00,5973.60,1409.82,Sonia R.,Arad,23.60,1991
430,2024-03-05,Samsung TV,Audio,954.00,1,15.00,810.90,220.91,Vlad C.,Iasi,27.24,811
431,2024-03-06,Wireless Headphones,Tablets,2470.00,4,15.00,8398.00,1889.74,Vlad C.,Constanta,22.50,2100
432,2024-03-07,iPad Tablet,Accessories,4209.00,1,20.00,3367.20,608.97,Andrew P.,Sibiu,18.09,3367
433,2024-03-08,Smartwatch,Audio,848.00,4,5.00,3222.40,840.76,Maria T.,Cluj,26.09,806
434,2024-03-09,LG Monitor,Electronics,4098.00,2,0.00,8196.00,1180.58,Sonia R.,Timisoara,14.40,4098
435,2024-03-10,iPhone 14,Monitors,3220.00,3,0.00,9660.00,1012.87,Maria T.,Sibiu,10.49,3220
436,2024-03-11,LG Monitor,Accessories,3434.00,4,15.00,11675.60,3264.99,John D.,Arad,27.96,2919
437,2024-03-12,Mechanical Keyboard,Audio,2023.00,5,0.00,10115.00,2660.09,Vlad C.,Arad,26.30,2023
438,2024-03-13,Gaming Mouse,Accessories,1802.00,3,5.00,5135.70,794.09,Michael B.,Sibiu,15.46,1712
439,2024-03-14,Portable Speaker,Electronics,3207.00,1,10.00,2886.30,622.33,John D.,Oradea,21.56,2886
440,2024-03-15,Portable Speaker,Accessories,3010.00,3,15.00,7675.50,1737.15,Elena F.,Sibiu,22.63,2559
441,2024-03-16,Laptop ASUS,Accessories,4420.00,5,5.00,20995.00,5640.84,John D.,Oradea,26.87,4199
442,2024-03-17,Portable Speaker,Mobile,2062.00,3,10.00,5567.40,1301.59,Vlad C.,Bucharest,23.38,1856
443,2024-03-18,Wireless Headphones,Electronics,2580.00,3,10.00,6966.00,1321.36,Sonia R.,Arad,18.97,2322
444,2024-03-19,Gaming Mouse,Audio,4209.00,5,20.00,16836.00,2734.97,Darius M.,Iasi,16.24,3367
445,2024-03-20,Smartwatch,Tablets,4309.00,5,10.00,19390.50,3371.03,Sonia R.,Sibiu,17.38,3878
446,2024-03-21,iPad Tablet,Electronics,701.00,2,5.00,1331.90,289.48,Elena F.,Timisoara,21.73,666
447,2024-03-22,Mechanical Keyboard,Electronics,2521.00,1,15.00,2142.85,554.45,Andrew P.,Oradea,25.87,2143
448,2024-03-23,Portable Speaker,Accessories,3744.00,1,5.00,3556.80,482.96,Elena F.,Constanta,13.58,3557
449,2024-03-24,iPad Tablet,Accessories,2784.00,1,0.00,2784.00,578.05,Elena F.,Sibiu,20.76,2784
450,2024-03-25,Samsung TV,Electronics,2667.00,1,5.00,2533.65,608.66,Christina N.,Iasi,24.02,2534
451,2024-03-26,Gaming Mouse,Audio,3913.00,3,10.00,10565.10,1589.12,John D.,Oradea,15.04,3522
452,2024-03-27,iPhone 14,Monitors,3760.00,3,0.00,11280.00,2348.08,Anna L.,Constanta,20.82,3760
453,2024-03-28,Gaming Mouse,Accessories,444.00,1,15.00,377.40,86.99,Andrew P.,Galati,23.05,377
454,2024-03-29,Gaming Mouse,Accessories,4132.00,5,20.00,16528.00,2914.10,Elena F.,Arad,17.63,3306
455,2024-03-30,iPhone 14,Audio,1091.00,1,5.00,1036.45,279.27,Sonia R.,Timisoara,26.94,1036
456,2024-03-31,Samsung TV,Accessories,4952.00,4,20.00,15846.40,2333.65,Darius M.,Brasov,14.73,3962
457,2024-04-01,Gaming Mouse,Tablets,1790.00,1,20.00,1432.00,249.06,Christina N.,Sibiu,17.39,1432
458,2024-04-02,Samsung TV,Electronics,1271.00,1,10.00,1143.90,337.93,Anna L.,Brasov,29.54,1144
459,2024-04-03,Smartwatch,Electronics,3319.00,2,0.00,6638.00,1260.82,Elena F.,Brasov,18.99,3319
460,2024-04-04,Wireless Headphones,Audio,532.00,2,15.00,904.40,210.97,Sonia R.,Iasi,23.33,452
461,2024-04-05,Mechanical Keyboard,Mobile,1053.00,4,10.00,3790.80,642.87,Andrew P.,Sibiu,16.96,948
462,2024-04-06,Wireless Headphones,Mobile,3596.00,1,5.00,3416.20,755.06,Sonia R.,Arad,22.10,3416
463,2024-04-07,iPhone 14,Electronics,3398.00,2,20.00,5436.80,1319.06,Michael B.,Oradea,24.26,2718
464,2024-04-08,iPad Tablet,Accessories,1210.00,3,0.00,3630.00,441.53,Sonia R.,Timisoara,12.16,1210
465,2024-04-09,Laptop ASUS,Accessories,4368.00,3,20.00,10483.20,2135.05,Christina N.,Timisoara,20.37,3494
466,2024-04-10,Laptop ASUS,Monitors,2472.00,5,0.00,12360.00,2883.39,Michael B.,Sibiu,23.33,2472
467,2024-04-11,Portable Speaker,Monitors,979.00,2,5.00,1860.10,344.51,Andrew P.,Oradea,18.52,930
468,2024-04-12,iPad Tablet,Accessories,1546.00,1,0.00,1546.00,309.05,Elena F.,Cluj,19.99,1546
469,2024-04-13,Laptop ASUS,Electronics,4612.00,1,15.00,3920.20,710.34,John D.,Iasi,18.12,3920
470,2024-04-14,iPad Tablet,Tablets,3610.00,1,20.00,2888.00,499.04,Maria T.,Arad,17.28,2888
471,2024-04-15,Wireless Headphones,Electronics,1822.00,5,5.00,8654.50,1114.89,Darius M.,Constanta,12.88,1731
472,2024-04-16,Portable Speaker,Audio,1833.00,3,20.00,4399.20,591.97,Vlad C.,Constanta,13.46,1466
473,2024-04-17,Portable Speaker,Accessories,4939.00,5,10.00,22225.50,6219.40,Darius M.,Iasi,27.98,4445
474,2024-04-18,Smartwatch,Mobile,2073.00,2,20.00,3316.80,788.06,Maria T.,Arad,23.76,1658
475,2024-04-19,Mechanical Keyboard,Accessories,4461.00,5,5.00,21189.75,6237.61,Elena F.,Constanta,29.44,4238
476,2024-04-20,Samsung TV,Accessories,759.00,5,5.00,3605.25,876.27,Elena F.,Oradea,24.31,721
477,2024-04-21,Portable Speaker,Accessories,4816.00,3,15.00,12280.80,3303.97,Andrew P.,Arad,26.90,4094
478,2024-04-22,Laptop ASUS,Electronics,475.00,2,15.00,807.50,110.94,Darius M.,Bucharest,13.74,404
479,2024-04-23,Wireless Headphones,Tablets,2119.00,1,20.00,1695.20,215.43,Darius M.,Sibiu,12.71,1695
480,2024-04-24,iPad Tablet,Accessories,2720.00,4,20.00,8704.00,2231.91,Anna L.,Arad,25.64,2176
481,2024-04-25,iPhone 14,Electronics,946.00,3,15.00,2412.30,519.49,Darius M.,Sibiu,21.54,804
482,2024-04-26,Gaming Mouse,Accessories,3722.00,4,0.00,14888.00,1694.72,Anna L.,Iasi,11.38,3722
483,2024-04-27,Portable Speaker,Electronics,3721.00,1,0.00,3721.00,707.32,Maria T.,Timisoara,19.01,3721
484,2024-04-28,LG Monitor,Monitors,4352.00,1,20.00,3481.60,350.21,Anna L.,Oradea,10.06,3482
485,2024-04-29,LG Monitor,Accessories,1780.00,1,15.00,1513.00,421.11,Anna L.,Bucharest,27.83,1513
486,2024-04-30,Portable Speaker,Accessories,2386.00,2,20.00,3817.60,965.32,Vlad C.,Arad,25.29,1909
487,2024-05-01,Wireless Headphones,Accessories,4529.00,2,15.00,7699.30,1944.52,Christina N.,Oradea,25.26,3850
488,2024-05-02,Mechanical Keyboard,Accessories,401.00,3,15.00,1022.55,136.72,Sonia R.,Oradea,13.37,341
489,2024-05-03,iPad Tablet,Electronics,683.00,4,20.00,2185.60,503.31,Anna L.,Brasov,23.03,546
490,2024-05-04,Gaming Mouse,Audio,2181.00,3,10.00,5888.70,717.17,Vlad C.,Sibiu,12.18,1963
491,2024-05-05,Gaming Mouse,Accessories,1683.00,3,15.00,4291.65,818.83,Vlad C.,Sibiu,19.08,1431
492,2024-05-06,Samsung TV,Electronics,2779.00,1,15.00,2362.15,705.54,Vlad C.,Iasi,29.87,2362
493,2024-05-07,Mechanical Keyboard,Mobile,1555.00,3,20.00,3732.00,742.44,Maria T.,Constanta,19.89,1244
494,2024-05-08,Laptop ASUS,Accessories,1685.00,4,15.00,5729.00,706.61,Andrew P.,Sibiu,12.33,1432
495,2024-05-09,Wireless Headphones,Electronics,4664.00,1,10.00,4197.60,1218.79,Andrew P.,Arad,29.04,4198
496,2024-05-10,LG Monitor,Accessories,503.00,5,0.00,2515.00,307.40,Vlad C.,Constanta,12.22,503
497,2024-05-11,Samsung TV,Monitors,2564.00,4,10.00,9230.40,1846.53,Maria T.,Timisoara,20.00,2308
498,2024-05-12,iPad Tablet,Accessories,4910.00,5,0.00,24550.00,5151.20,Anna L.,Sibiu,20.98,4910
499,2024-05-13,iPad Tablet,Electronics,3554.00,2,20.00,5686.40,766.20,Michael B.,Arad,13.47,2843
500,2024-05-14,Mechanical Keyboard,Electronics,3729.00,3,20.00,8949.60,1558.44,Vlad C.,Constanta,17.41,2983
501,2024-05-15,Samsung TV,Monitors,4193.00,3,20.00,10063.20,2510.62,Anna L.,Sibiu,24.95,3354
502,2024-05-16,Wireless Headphones,Electronics,1648.00,4,0.00,6592.00,1713.34,Michael B.,Oradea,25.99,1648
503,2024-05-17,Smartwatch,Monitors,3350.00,5,20.00,13400.00,3023.44,Anna L.,Cluj,22.56,2680
504,2024-05-18,Smartwatch,Monitors,2824.00,2,15.00,4800.80,1237.29,Sonia R.,Arad,25.77,2400
505,2024-05-19,Wireless Headphones,Accessories,2620.00,1,20.00,2096.00,227.63,Michael B.,Galati,10.86,2096
506,2024-05-20,Portable Speaker,Electronics,2671.00,5,10.00,12019.50,1228.71,Anna L.,Cluj,10.22,2404
507,2024-05-21,Portable Speaker,Monitors,4663.00,2,15.00,7927.10,2250.05,Andrew P.,Brasov,28.38,3964
508,2024-05-22,Samsung TV,Accessories,2271.00,2,20.00,3633.60,792.62,Michael B.,Brasov,21.81,1817
509,2024-05-23,Wireless Headphones,Accessories,343.00,2,0.00,686.00,174.04,Vlad C.,Timisoara,25.37,343
510,2024-05-24,iPad Tablet,Audio,1550.00,2,0.00,3100.00,420.72,Anna L.,Bucharest,13.57,1550
511,2024-05-25,Gaming Mouse,Electronics,734.00,2,15.00,1247.80,142.40,Darius M.,Galati,11.41,624
512,2024-05-26,iPad Tablet,Accessories,3506.00,5,0.00,17530.00,3927.46,Anna L.,Bucharest,22.40,3506
513,2024-05-27,Mechanical Keyboard,Accessories,2073.00,3,0.00,6219.00,1355.93,John D.,Sibiu,21.80,2073
514,2024-05-28,Samsung TV,Monitors,753.00,5,0.00,3765.00,433.75,Maria T.,Constanta,11.52,753
515,2024-05-29,Mechanical Keyboard,Electronics,4508.00,1,20.00,3606.40,529.04,Anna L.,Iasi,14.67,3606
516,2024-05-30,Laptop ASUS,Electronics,4694.00,2,0.00,9388.00,2312.10,Maria T.,Iasi,24.63,4694
517,2024-05-31,Portable Speaker,Electronics,2458.00,2,20.00,3932.80,992.18,Maria T.,Oradea,25.23,1966
518,2024-06-01,Mechanical Keyboard,Accessories,398.00,4,20.00,1273.60,148.95,Andrew P.,Sibiu,11.70,318
519,2024-06-02,Samsung TV,Accessories,3608.00,3,10.00,9741.60,1150.02,Darius M.,Oradea,11.81,3247
520,2024-06-03,iPhone 14,Accessories,3826.00,4,10.00,13773.60,3085.56,Anna L.,Cluj,22.40,3443
521,2024-06-04,Mechanical Keyboard,Accessories,571.00,1,20.00,456.80,78.86,Michael B.,Sibiu,17.26,457
522,2024-06-05,Samsung TV,Accessories,2983.00,4,0.00,11932.00,1994.51,Vlad C.,Brasov,16.72,2983
523,2024-06-06,Gaming Mouse,Audio,4342.00,1,10.00,3907.80,645.11,John D.,Timisoara,16.51,3908
524,2024-06-07,Wireless Headphones,Mobile,4580.00,1,15.00,3893.00,817.16,Maria T.,Timisoara,20.99,3893
525,2024-06-08,iPad Tablet,Monitors,1052.00,5,0.00,5260.00,869.87,Elena F.,Brasov,16.54,1052
526,2024-06-09,Smartwatch,Accessories,4304.00,1,10.00,3873.60,968.31,Anna L.,Cluj,25.00,3874
527,2024-06-10,Wireless Headphones,Accessories,4760.00,1,20.00,3808.00,484.79,Andrew P.,Cluj,12.73,3808
528,2024-06-11,iPhone 14,Tablets,4916.00,1,20.00,3932.80,587.93,Andrew P.,Bucharest,14.95,3933
529,2024-06-12,Portable Speaker,Accessories,1285.00,3,20.00,3084.00,844.31,Vlad C.,Iasi,27.38,1028
530,2024-06-13,LG Monitor,Accessories,3769.00,1,0.00,3769.00,750.82,Vlad C.,Brasov,19.92,3769
531,2024-06-14,LG Monitor,Audio,1689.00,5,0.00,8445.00,1358.65,Andrew P.,Galati,16.09,1689
532,2024-06-15,Gaming Mouse,Electronics,2754.00,3,0.00,8262.00,1552.79,Maria T.,Galati,18.79,2754
533,2024-06-16,LG Monitor,Accessories,4390.00,2,20.00,7024.00,783.86,Christina N.,Constanta,11.16,3512
534,2024-06-17,Laptop ASUS,Electronics,4805.00,2,0.00,9610.00,2370.37,Maria T.,Sibiu,24.67,4805
535,2024-06-18,LG Monitor,Audio,3240.00,1,20.00,2592.00,721.40,Sonia R.,Timisoara,27.83,2592
536,2024-06-19,Mechanical Keyboard,Accessories,1934.00,5,0.00,9670.00,1938.24,Michael B.,Cluj,20.04,1934
537,2024-06-20,LG Monitor,Tablets,3704.00,5,15.00,15742.00,2769.43,John D.,Galati,17.59,3148
538,2024-06-21,LG Monitor,Accessories,3290.00,3,15.00,8389.50,2083.01,Vlad C.,Iasi,24.83,2797
539,2024-06-22,LG Monitor,Monitors,201.00,2,0.00,402.00,95.65,Sonia R.,Cluj,23.79,201
540,2024-06-23,Portable Speaker,Accessories,3188.00,4,15.00,10839.20,3041.43,Sonia R.,Bucharest,28.06,2710
541,2024-06-24,Samsung TV,Mobile,4485.00,3,5.00,12782.25,2918.63,Christina N.,Bucharest,22.83,4261
542,2024-06-25,Smartwatch,Audio,2507.00,1,5.00,2381.65,668.30,Darius M.,Arad,28.06,2382
543,2024-06-26,iPhone 14,Monitors,1181.00,5,10.00,5314.50,1307.39,Elena F.,Iasi,24.60,1063
544,2024-06-27,Samsung TV,Mobile,1511.00,3,0.00,4533.00,576.07,Sonia R.,Constanta,12.71,1511
545,2024-06-28,Laptop ASUS,Tablets,4814.00,2,0.00,9628.00,1663.31,Michael B.,Sibiu,17.28,4814
546,2024-06-29,Mechanical Keyboard,Audio,2359.00,4,0.00,9436.00,1798.93,Maria T.,Constanta,19.06,2359
547,2024-06-30,Portable Speaker,Accessories,1158.00,3,5.00,3300.30,947.10,Anna L.,Brasov,28.70,1100
548,2024-07-01,iPad Tablet,Accessories,636.00,1,20.00,508.80,50.91,Elena F.,Constanta,10.01,509
549,2024-07-02,Portable Speaker,Accessories,4549.00,1,5.00,4321.55,869.12,Vlad C.,Oradea,20.11,4322
550,2024-07-03,iPhone 14,Electronics,1289.00,5,0.00,6445.00,1255.44,Sonia R.,Cluj,19.48,1289
551,2024-07-04,LG Monitor,Accessories,1697.00,3,0.00,5091.00,1225.72,John D.,Brasov,24.08,1697
552,2024-07-05,Smartwatch,Accessories,4948.00,4,0.00,19792.00,5065.29,Michael B.,Iasi,25.59,4948
553,2024-07-06,Samsung TV,Accessories,4947.00,3,20.00,11872.80,2834.75,Elena F.,Galati,23.88,3958
554,2024-07-07,Mechanical Keyboard,Monitors,676.00,1,15.00,574.60,66.75,Vlad C.,Cluj,11.62,575
555,2024-07-08,Mechanical Keyboard,Tablets,1083.00,3,0.00,3249.00,590.51,Sonia R.,Sibiu,18.18,1083
556,2024-07-09,Portable Speaker,Electronics,2608.00,3,0.00,7824.00,1132.31,Christina N.,Constanta,14.47,2608
557,2024-07-10,Smartwatch,Tablets,3654.00,5,20.00,14616.00,3421.00,Maria T.,Sibiu,23.41,2923
558,2024-07-11,Wireless Headphones,Electronics,4055.00,5,15.00,17233.75,2862.53,Elena F.,Cluj,16.61,3447
559,2024-07-12,LG Monitor,Accessories,3126.00,3,20.00,7502.40,1841.86,Michael B.,Cluj,24.55,2501
560,2024-07-13,LG Monitor,Accessories,965.00,2,0.00,1930.00,365.81,Elena F.,Timisoara,18.95,965
561,2024-07-14,LG Monitor,Accessories,569.00,5,0.00,2845.00,703.96,Elena F.,Galati,24.74,569
562,2024-07-15,Laptop ASUS,Audio,2939.00,1,15.00,2498.15,556.41,Michael B.,Arad,22.27,2498
563,2024-07-16,Samsung TV,Electronics,4334.00,1,10.00,3900.60,648.04,Andrew P.,Galati,16.61,3901
564,2024-07-17,iPhone 14,Accessories,2050.00,1,5.00,1947.50,280.42,Vlad C.,Iasi,14.40,1948
565,2024-07-18,iPad Tablet,Electronics,952.00,4,20.00,3046.40,344.43,Christina N.,Brasov,11.31,762
566,2024-07-19,Samsung TV,Accessories,3988.00,4,5.00,15154.40,2995.42,Sonia R.,Galati,19.77,3789
567,2024-07-20,Smartwatch,Accessories,3040.00,5,20.00,12160.00,1279.96,Vlad C.,Timisoara,10.53,2432
568,2024-07-21,Portable Speaker,Accessories,4028.00,3,0.00,12084.00,1808.16,Anna L.,Brasov,14.96,4028
569,2024-07-22,Mechanical Keyboard,Accessories,3263.00,3,20.00,7831.20,1623.93,Elena F.,Brasov,20.74,2610
570,2024-07-23,Samsung TV,Electronics,4083.00,1,5.00,3878.85,1038.48,Darius M.,Bucharest,26.77,3879
571,2024-07-24,iPad Tablet,Accessories,958.00,5,15.00,4071.50,939.28,Maria T.,Timisoara,23.07,814
572,2024-07-25,LG Monitor,Monitors,4162.00,1,0.00,4162.00,559.68,Sonia R.,Iasi,13.45,4162
573,2024-07-26,iPhone 14,Audio,3313.00,1,20.00,2650.40,287.49,Anna L.,Cluj,10.85,2650
574,2024-07-27,LG Monitor,Accessories,4924.00,2,5.00,9355.60,1372.72,Vlad C.,Bucharest,14.67,4678
575,2024-07-28,Portable Speaker,Accessories,2599.00,3,5.00,7407.15,1556.60,Darius M.,Cluj,21.01,2469
576,2024-07-29,Laptop ASUS,Monitors,874.00,5,20.00,3496.00,677.37,Anna L.,Oradea,19.38,699
577,2024-07-30,Gaming Mouse,Accessories,1722.00,1,5.00,1635.90,268.31,Andrew P.,Arad,16.40,1636
578,2024-07-31,Wireless Headphones,Accessories,3573.00,1,0.00,3573.00,537.99,Andrew P.,Bucharest,15.06,3573
579,2024-08-01,Mechanical Keyboard,Tablets,1994.00,5,0.00,9970.00,2753.28,Andrew P.,Arad,27.62,1994
580,2024-08-02,iPad Tablet,Audio,4711.00,3,5.00,13426.35,2395.96,Elena F.,Oradea,17.85,4475
581,2024-08-03,Portable Speaker,Accessories,3604.00,4,0.00,14416.00,2875.51,Andrew P.,Constanta,19.95,3604
582,2024-08-04,Samsung TV,Electronics,4175.00,2,20.00,6680.00,1729.55,Christina N.,Arad,25.89,3340
583,2024-08-05,Mechanical Keyboard,Audio,571.00,1,5.00,542.45,114.90,Sonia R.,Cluj,21.18,542
584,2024-08-06,Mechanical Keyboard,Tablets,1032.00,3,15.00,2631.60,676.63,Sonia R.,Constanta,25.71,877
585,2024-08-07,Mechanical Keyboard,Mobile,4230.00,1,5.00,4018.50,1057.72,Anna L.,Timisoara,26.32,4019
586,2024-08-08,Wireless Headphones,Accessories,1802.00,5,10.00,8109.00,1076.66,Sonia R.,Arad,13.28,1622
587,2024-08-09,iPad Tablet,Monitors,270.00,3,0.00,810.00,142.81,Elena F.,Iasi,17.63,270
588,2024-08-10,Laptop ASUS,Accessories,323.00,2,0.00,646.00,149.59,Anna L.,Sibiu,23.16,323
589,2024-08-11,Wireless Headphones,Accessories,3565.00,3,0.00,10695.00,1946.85,John D.,Oradea,18.20,3565
590,2024-08-12,LG Monitor,Tablets,4569.00,1,5.00,4340.55,1261.67,Christina N.,Timisoara,29.07,4341
591,2024-08-13,Wireless Headphones,Accessories,3965.00,1,20.00,3172.00,874.36,Andrew P.,Constanta,27.56,3172
592,2024-08-14,Wireless Headphones,Tablets,4805.00,2,5.00,9129.50,2217.05,Christina N.,Bucharest,24.28,4565
593,2024-08-15,Mechanical Keyboard,Electronics,3359.00,2,0.00,6718.00,857.22,John D.,Sibiu,12.76,3359
594,2024-08-16,Mechanical Keyboard,Electronics,490.00,3,20.00,1176.00,201.87,John D.,Cluj,17.17,392
595,2024-08-17,Gaming Mouse,Electronics,889.00,4,20.00,2844.80,612.32,John D.,Arad,21.52,711
596,2024-08-18,Portable Speaker,Mobile,1876.00,2,0.00,3752.00,624.22,Michael B.,Arad,16.64,1876
597,2024-08-19,Samsung TV,Accessories,452.00,2,0.00,904.00,160.46,Maria T.,Bucharest,17.75,452
598,2024-08-20,Wireless Headphones,Accessories,1018.00,2,0.00,2036.00,397.57,Andrew P.,Galati,19.53,1018
599,2024-08-21,iPhone 14,Electronics,3079.00,1,5.00,2925.05,489.05,Sonia R.,Sibiu,16.72,2925
600,2024-08-22,Gaming Mouse,Accessories,4270.00,1,0.00,4270.00,572.37,Michael B.,Galati,13.40,4270
601,2024-08-23,Smartwatch,Monitors,2906.00,5,20.00,11624.00,2525.27,Darius M.,Iasi,21.72,2325
602,2024-08-24,Portable Speaker,Electronics,1370.00,5,5.00,6507.50,1272.71,Michael B.,Oradea,19.56,1302
603,2024-08-25,Portable Speaker,Mobile,757.00,3,20.00,1816.80,418.78,Maria T.,Galati,23.05,606
604,2024-08-26,Smartwatch,Audio,599.00,1,0.00,599.00,75.44,Darius M.,Arad,12.59,599
605,2024-08-27,Wireless Headphones,Monitors,1941.00,2,5.00,3687.90,841.19,Darius M.,Oradea,22.81,1844
606,2024-08-28,Samsung TV,Accessories,3788.00,4,5.00,14394.40,3761.71,Sonia R.,Galati,26.13,3599
607,2024-08-29,iPhone 14,Accessories,4530.00,1,5.00,4303.50,559.20,Michael B.,Iasi,12.99,4304
608,2024-08-30,Gaming Mouse,Accessories,1079.00,4,10.00,3884.40,840.24,Darius M.,Brasov,21.63,971
609,2024-08-31,Mechanical Keyboard,Tablets,3574.00,1,0.00,3574.00,382.32,Elena F.,Bucharest,10.70,3574
610,2024-09-01,Laptop ASUS,Mobile,1158.00,3,10.00,3126.60,375.44,Anna L.,Cluj,12.01,1042
611,2024-09-02,Samsung TV,Mobile,870.00,1,10.00,783.00,224.92,Darius M.,Brasov,28.73,783
612,2024-09-03,iPhone 14,Electronics,1548.00,1,10.00,1393.20,222.97,Maria T.,Arad,16.00,1393
613,2024-09-04,Mechanical Keyboard,Accessories,4363.00,2,15.00,7417.10,2025.46,Maria T.,Iasi,27.31,3709
614,2024-09-05,Wireless Headphones,Accessories,1451.00,1,15.00,1233.35,160.24,Sonia R.,Sibiu,12.99,1233
615,2024-09-06,iPad Tablet,Electronics,4748.00,3,15.00,12107.40,2279.92,Christina N.,Cluj,18.83,4036
616,2024-09-07,LG Monitor,Electronics,2448.00,5,5.00,11628.00,1773.37,Elena F.,Timisoara,15.25,2326
617,2024-09-08,LG Monitor,Electronics,4171.00,3,20.00,10010.40,2925.88,John D.,Constanta,29.23,3337
618,2024-09-09,Samsung TV,Audio,1344.00,4,5.00,5107.20,1035.29,Elena F.,Brasov,20.27,1277
619,2024-09-10,Mechanical Keyboard,Electronics,2729.00,2,15.00,4639.30,1063.62,Elena F.,Oradea,22.93,2320
620,2024-09-11,Mechanical Keyboard,Accessories,4826.00,3,20.00,11582.40,1255.23,Christina N.,Galati,10.84,3861
621,2024-09-12,Mechanical Keyboard,Accessories,557.00,5,5.00,2645.75,466.54,John D.,Brasov,17.63,529
622,2024-09-13,Portable Speaker,Accessories,3769.00,4,0.00,15076.00,1965.47,Christina N.,Iasi,13.04,3769
623,2024-09-14,Smartwatch,Audio,1475.00,1,10.00,1327.50,359.24,Michael B.,Oradea,27.06,1328
624,2024-09-15,Gaming Mouse,Electronics,281.00,2,10.00,505.80,141.54,Christina N.,Arad,27.98,253
625,2024-09-16,Gaming Mouse,Accessories,1277.00,5,20.00,5108.00,695.83,Elena F.,Timisoara,13.62,1022
626,2024-09-17,Gaming Mouse,Accessories,760.00,1,20.00,608.00,146.32,Michael B.,Constanta,24.07,608
627,2024-09-18,Gaming Mouse,Accessories,3818.00,2,15.00,6490.60,1703.01,Vlad C.,Sibiu,26.24,3245
628,2024-09-19,Laptop ASUS,Accessories,312.00,5,0.00,1560.00,448.86,Elena F.,Cluj,28.77,312
629,2024-09-20,LG Monitor,Electronics,1541.00,3,10.00,4160.70,559.12,Anna L.,Sibiu,13.44,1387
630,2024-09-21,LG Monitor,Mobile,3109.00,3,5.00,8860.65,1068.13,Christina N.,Bucharest,12.05,2954
631,2024-09-22,Portable Speaker,Tablets,2088.00,3,5.00,5950.80,757.04,Sonia R.,Bucharest,12.72,1984
632,2024-09-23,Gaming Mouse,Accessories,3010.00,3,15.00,7675.50,910.09,Anna L.,Brasov,11.86,2559
633,2024-09-24,LG Monitor,Accessories,4325.00,4,20.00,13840.00,2872.90,Sonia R.,Arad,20.76,3460
634,2024-09-25,iPad Tablet,Monitors,440.00,2,10.00,792.00,231.75,Darius M.,Arad,29.26,396
635,2024-09-26,Wireless Headphones,Accessories,4330.00,5,15.00,18402.50,4722.53,Sonia R.,Brasov,25.66,3681
636,2024-09-27,iPad Tablet,Tablets,4026.00,4,20.00,12883.20,2435.38,Elena F.,Constanta,18.90,3221
637,2024-09-28,LG Monitor,Monitors,453.00,1,15.00,385.05,83.48,Elena F.,Galati,21.68,385
638,2024-09-29,Gaming Mouse,Accessories,1701.00,2,5.00,3231.90,952.56,Maria T.,Bucharest,29.47,1616
639,2024-09-30,Wireless Headphones,Monitors,2882.00,3,5.00,8213.70,2448.91,Elena F.,Cluj,29.81,2738
640,2024-10-01,Gaming Mouse,Accessories,2425.00,4,10.00,8730.00,2195.16,Andrew P.,Galati,25.15,2183
641,2024-10-02,Samsung TV,Mobile,2946.00,2,5.00,5597.40,1050.46,Sonia R.,Sibiu,18.77,2799
642,2024-10-03,Smartwatch,Tablets,2170.00,1,0.00,2170.00,564.06,Anna L.,Iasi,25.99,2170
643,2024-10-04,iPhone 14,Accessories,2710.00,5,10.00,12195.00,1470.10,Maria T.,Oradea,12.05,2439
644,2024-10-05,iPhone 14,Monitors,4605.00,2,20.00,7368.00,1963.98,Sonia R.,Timisoara,26.66,3684
645,2024-10-06,Gaming Mouse,Electronics,2194.00,1,15.00,1864.90,346.68,Andrew P.,Arad,18.59,1865
646,2024-10-07,Portable Speaker,Accessories,2327.00,3,0.00,6981.00,1521.97,Michael B.,Timisoara,21.80,2327
647,2024-10-08,Smartwatch,Tablets,1310.00,5,0.00,6550.00,1073.95,Christina N.,Galati,16.40,1310
648,2024-10-09,iPhone 14,Tablets,3158.00,4,20.00,10105.60,1429.17,Sonia R.,Brasov,14.14,2526
649,2024-10-10,iPad Tablet,Electronics,3360.00,1,5.00,3192.00,536.20,Sonia R.,Arad,16.80,3192
650,2024-10-11,iPad Tablet,Electronics,346.00,1,5.00,328.70,45.05,Andrew P.,Timisoara,13.71,329
651,2024-10-12,Gaming Mouse,Accessories,564.00,1,5.00,535.80,143.44,Anna L.,Sibiu,26.77,536
652,2024-10-13,Gaming Mouse,Audio,4086.00,5,10.00,18387.00,4390.41,Vlad C.,Cluj,23.88,3677
653,2024-10-14,Samsung TV,Accessories,2012.00,1,15.00,1710.20,470.35,Anna L.,Brasov,27.50,1710
654,2024-10-15,Wireless Headphones,Audio,3144.00,3,15.00,8017.20,1394.31,Darius M.,Cluj,17.39,2672
655,2024-10-16,Mechanical Keyboard,Monitors,4095.00,5,5.00,19451.25,2373.52,Darius M.,Sibiu,12.20,3890
656,2024-10-17,Samsung TV,Accessories,1327.00,3,0.00,3981.00,900.09,Christina N.,Cluj,22.61,1327
657,2024-10-18,Smartwatch,Accessories,3273.00,3,10.00,8837.10,2228.85,Anna L.,Bucharest,25.22,2946
658,2024-10-19,Wireless Headphones,Tablets,3598.00,3,15.00,9174.90,1934.03,Sonia R.,Timisoara,21.08,3058
659,2024-10-20,Smartwatch,Electronics,400.00,5,0.00,2000.00,242.90,Elena F.,Timisoara,12.15,400
660,2024-10-21,iPhone 14,Monitors,1582.00,3,15.00,4034.10,597.89,Michael B.,Sibiu,14.82,1345
661,2024-10-22,iPad Tablet,Accessories,1190.00,5,20.00,4760.00,577.43,John D.,Arad,12.13,952
662,2024-10-23,Wireless Headphones,Electronics,2876.00,2,10.00,5176.80,1199.36,Christina N.,Galati,23.17,2588
663,2024-10-24,Portable Speaker,Accessories,2862.00,2,5.00,5437.80,1594.81,Sonia R.,Arad,29.33,2719
664,2024-10-25,iPhone 14,Accessories,2887.00,1,0.00,2887.00,557.52,Anna L.,Oradea,19.31,2887
665,2024-10-26,iPhone 14,Tablets,3075.00,5,20.00,12300.00,2764.11,Anna L.,Bucharest,22.47,2460
666,2024-10-27,Portable Speaker,Accessories,4044.00,2,0.00,8088.00,1488.46,Sonia R.,Arad,18.40,4044
667,2024-10-28,Smartwatch,Accessories,4298.00,4,20.00,13753.60,1726.60,Elena F.,Constanta,12.55,3438
668,2024-10-29,Gaming Mouse,Electronics,3226.00,5,0.00,16130.00,3457.89,Anna L.,Brasov,21.44,3226
669,2024-10-30,Portable Speaker,Electronics,515.00,4,20.00,1648.00,411.07,Michael B.,Iasi,24.94,412
670,2024-10-31,Portable Speaker,Accessories,4414.00,5,0.00,22070.00,2284.40,Vlad C.,Sibiu,10.35,4414
671,2024-11-01,Portable Speaker,Accessories,685.00,1,15.00,582.25,129.43,Vlad C.,Sibiu,22.23,582
672,2024-11-02,Smartwatch,Electronics,1720.00,2,10.00,3096.00,783.50,Sonia R.,Cluj,25.31,1548
673,2024-11-03,Mechanical Keyboard,Monitors,4145.00,4,20.00,13264.00,3917.37,Anna L.,Bucharest,29.53,3316
674,2024-11-04,iPad Tablet,Mobile,2437.00,4,20.00,7798.40,2194.59,John D.,Constanta,28.14,1950
675,2024-11-05,Laptop ASUS,Electronics,2805.00,4,0.00,11220.00,3092.93,Elena F.,Constanta,27.57,2805
676,2024-11-06,Samsung TV,Tablets,3041.00,4,20.00,9731.20,992.38,Anna L.,Iasi,10.20,2433
677,2024-11-07,Wireless Headphones,Accessories,2000.00,4,15.00,6800.00,1491.54,Maria T.,Bucharest,21.93,1700
678,2024-11-08,Mechanical Keyboard,Accessories,3879.00,2,0.00,7758.00,1375.43,Maria T.,Arad,17.73,3879
679,2024-11-09,Wireless Headphones,Tablets,4591.00,4,15.00,15609.40,2579.05,Christina N.,Cluj,16.52,3902
680,2024-11-10,Smartwatch,Electronics,3724.00,3,5.00,10613.40,2956.92,Vlad C.,Brasov,27.86,3538
681,2024-11-11,LG Monitor,Electronics,1136.00,2,20.00,1817.60,214.57,Michael B.,Cluj,11.81,909
682,2024-11-12,Samsung TV,Monitors,3350.00,4,10.00,12060.00,3058.27,Maria T.,Galati,25.36,3015
683,2024-11-13,iPad Tablet,Accessories,3308.00,2,10.00,5954.40,1109.08,Anna L.,Constanta,18.63,2977
684,2024-11-14,Samsung TV,Accessories,1996.00,3,0.00,5988.00,1236.87,Sonia R.,Galati,20.66,1996
685,2024-11-15,Samsung TV,Accessories,3372.00,3,0.00,10116.00,1967.19,Maria T.,Sibiu,19.45,3372
686,2024-11-16,Smartwatch,Monitors,1039.00,1,10.00,935.10,104.96,Christina N.,Arad,11.22,935
687,2024-11-17,Smartwatch,Accessories,252.00,4,10.00,907.20,125.92,Anna L.,Sibiu,13.88,227
688,2024-11-18,Portable Speaker,Audio,4651.00,2,15.00,7906.70,846.38,Michael B.,Timisoara,10.70,3953
689,2024-11-19,Gaming Mouse,Electronics,818.00,5,10.00,3681.00,996.29,Christina N.,Arad,27.07,736
690,2024-11-20,LG Monitor,Electronics,2289.00,1,15.00,1945.65,480.88,Sonia R.,Iasi,24.72,1946
691,2024-11-21,iPad Tablet,Tablets,4268.00,5,0.00,21340.00,2995.81,Andrew P.,Sibiu,14.04,4268
692,2024-11-22,Smartwatch,Accessories,3394.00,3,5.00,9672.90,2869.11,Michael B.,Iasi,29.66,3224
693,2024-11-23,Laptop ASUS,Accessories,3761.00,1,0.00,3761.00,1036.05,Sonia R.,Galati,27.55,3761
694,2024-11-24,Gaming Mouse,Monitors,4563.00,5,15.00,19392.75,5805.70,Sonia R.,Bucharest,29.94,3879
695,2024-11-25,Laptop ASUS,Accessories,1359.00,4,0.00,5436.00,915.28,Elena F.,Arad,16.84,1359
696,2024-11-26,Portable Speaker,Accessories,2394.00,4,5.00,9097.20,1733.48,Elena F.,Brasov,19.06,2274
697,2024-11-27,iPhone 14,Tablets,3334.00,3,20.00,8001.60,1333.21,John D.,Arad,16.66,2667
698,2024-11-28,Portable Speaker,Accessories,1999.00,4,15.00,6796.60,680.70,Andrew P.,Bucharest,10.02,1699
699,2024-11-29,Gaming Mouse,Electronics,2962.00,3,10.00,7997.40,1203.77,Anna L.,Cluj,15.05,2666
700,2024-11-30,Smartwatch,Monitors,4610.00,2,5.00,8759.00,1956.55,Christina N.,Galati,22.34,4380
701,2024-12-01,Wireless Headphones,Electronics,2753.00,1,20.00,2202.40,432.08,John D.,Arad,19.62,2202
702,2024-12-02,Portable Speaker,Audio,2058.00,2,0.00,4116.00,1091.23,Sonia R.,Cluj,26.51,2058
703,2024-12-03,Samsung TV,Audio,997.00,3,5.00,2841.45,673.75,Michael B.,Bucharest,23.71,947
704,2024-12-04,Smartwatch,Accessories,337.00,4,10.00,1213.20,181.64,Michael B.,Timisoara,14.97,303
705,2024-12-05,LG Monitor,Accessories,3982.00,5,20.00,15928.00,2847.87,Christina N.,Constanta,17.88,3186
706,2024-12-06,iPad Tablet,Electronics,2469.00,1,20.00,1975.20,568.33,Maria T.,Timisoara,28.77,1975
707,2024-12-07,LG Monitor,Audio,1326.00,5,10.00,5967.00,1034.01,Andrew P.,Timisoara,17.33,1193
708,2024-12-08,iPad Tablet,Accessories,4733.00,2,0.00,9466.00,1344.65,Maria T.,Bucharest,14.21,4733
709,2024-12-09,Samsung TV,Electronics,211.00,5,10.00,949.50,157.85,Christina N.,Iasi,16.62,190
710,2024-12-10,Samsung TV,Electronics,1138.00,5,15.00,4836.50,643.38,Elena F.,Arad,13.30,967
711,2024-12-11,Portable Speaker,Tablets,887.00,1,15.00,753.95,222.66,Christina N.,Bucharest,29.53,754
712,2024-12-12,Mechanical Keyboard,Electronics,3140.00,1,5.00,2983.00,827.67,Anna L.,Galati,27.75,2983
713,2024-12-13,Laptop ASUS,Audio,3847.00,2,0.00,7694.00,1445.17,Christina N.,Brasov,18.78,3847
714,2024-12-14,iPhone 14,Accessories,4456.00,2,10.00,8020.80,964.46,Elena F.,Bucharest,12.02,4010
715,2024-12-15,Smartwatch,Accessories,4973.00,2,15.00,8454.10,1633.09,Sonia R.,Oradea,19.32,4227
716,2024-12-16,Smartwatch,Electronics,3315.00,2,20.00,5304.00,991.40,Michael B.,Iasi,18.69,2652
717,2024-12-17,LG Monitor,Accessories,948.00,2,0.00,1896.00,488.11,Christina N.,Bucharest,25.74,948
718,2024-12-18,Smartwatch,Accessories,2711.00,3,20.00,6506.40,1427.38,Darius M.,Cluj,21.94,2169
719,2024-12-19,iPhone 14,Accessories,2576.00,4,20.00,8243.20,1378.47,John D.,Timisoara,16.72,2061
720,2024-12-20,Portable Speaker,Accessories,3101.00,1,10.00,2790.90,624.22,Christina N.,Galati,22.37,2791
721,2024-12-21,Mechanical Keyboard,Accessories,2182.00,3,20.00,5236.80,658.54,Andrew P.,Iasi,12.58,1746
722,2024-12-22,iPad Tablet,Mobile,3838.00,1,5.00,3646.10,637.84,Andrew P.,Brasov,17.49,3646
723,2024-12-23,Samsung TV,Electronics,3271.00,5,5.00,15537.25,4216.39,Christina N.,Arad,27.14,3107
724,2024-12-24,Mechanical Keyboard,Electronics,2669.00,2,0.00,5338.00,994.24,Andrew P.,Brasov,18.63,2669
725,2024-12-25,Mechanical Keyboard,Mobile,858.00,1,10.00,772.20,122.83,Vlad C.,Sibiu,15.91,772
726,2024-12-26,iPhone 14,Accessories,1183.00,5,5.00,5619.25,1492.88,Maria T.,Arad,26.57,1124
727,2024-12-27,Laptop ASUS,Accessories,472.00,3,5.00,1345.20,399.40,Maria T.,Constanta,29.69,448
728,2024-12-28,Mechanical Keyboard,Tablets,4276.00,5,15.00,18173.00,2150.20,John D.,Constanta,11.83,3635
729,2024-12-29,LG Monitor,Monitors,459.00,5,20.00,1836.00,250.10,Michael B.,Arad,13.62,367
730,2024-12-30,iPad Tablet,Tablets,4215.00,3,10.00,11380.50,2545.09,Vlad C.,Oradea,22.36,3794
731,2024-12-31,LG Monitor,Audio,832.00,5,0.00,4160.00,613.76,Andrew P.,Constanta,14.75,832
732,2025-01-01,Laptop ASUS,Electronics,4207.00,4,20.00,13462.40,3705.65,Anna L.,Bucharest,27.53,3366
733,2025-01-02,LG Monitor,Monitors,4556.00,5,5.00,21641.00,5210.72,Maria T.,Cluj,24.08,4328
734,2025-01-03,Gaming Mouse,Accessories,4172.00,4,0.00,16688.00,3372.03,Michael B.,Iasi,20.21,4172
735,2025-01-04,Samsung TV,Electronics,2837.00,2,15.00,4822.90,616.52,Michael B.,Timisoara,12.78,2411
736,2025-01-05,LG Monitor,Accessories,1476.00,5,10.00,6642.00,1220.13,Andrew P.,Oradea,18.37,1328
737,2025-01-06,iPad Tablet,Monitors,3777.00,5,0.00,18885.00,2925.45,John D.,Bucharest,15.49,3777
738,2025-01-07,Mechanical Keyboard,Monitors,3957.00,2,0.00,7914.00,862.02,Elena F.,Iasi,10.89,3957
739,2025-01-08,Laptop ASUS,Accessories,2584.00,3,15.00,6589.20,782.24,Sonia R.,Bucharest,11.87,2196
740,2025-01-09,Wireless Headphones,Accessories,4973.00,4,5.00,18897.40,3403.85,Elena F.,Oradea,18.01,4724
741,2025-01-10,Smartwatch,Mobile,1364.00,1,10.00,1227.60,342.00,Vlad C.,Arad,27.86,1228
742,2025-01-11,Laptop ASUS,Mobile,4108.00,3,20.00,9859.20,1087.00,Elena F.,Brasov,11.03,3286
743,2025-01-12,iPhone 14,Electronics,2637.00,3,10.00,7119.90,1110.58,Christina N.,Oradea,15.60,2373
744,2025-01-13,LG Monitor,Audio,3340.00,2,15.00,5678.00,1671.64,Anna L.,Arad,29.44,2839
745,2025-01-14,Smartwatch,Mobile,2847.00,3,5.00,8113.95,1507.37,Andrew P.,Bucharest,18.58,2705
746,2025-01-15,Wireless Headphones,Monitors,4810.00,4,5.00,18278.00,2253.78,Anna L.,Sibiu,12.33,4570
747,2025-01-16,Laptop ASUS,Accessories,4791.00,2,5.00,9102.90,2607.22,Elena F.,Arad,28.64,4551
748,2025-01-17,LG Monitor,Mobile,3001.00,5,0.00,15005.00,3950.19,Vlad C.,Cluj,26.33,3001
749,2025-01-18,iPhone 14,Accessories,1316.00,1,0.00,1316.00,288.35,Vlad C.,Arad,21.91,1316
750,2025-01-19,Gaming Mouse,Accessories,1884.00,4,10.00,6782.40,1051.97,Maria T.,Cluj,15.51,1696
751,2025-01-20,Samsung TV,Electronics,1950.00,4,5.00,7410.00,980.36,Elena F.,Sibiu,13.23,1853
752,2025-01-21,iPhone 14,Accessories,4276.00,3,15.00,10903.80,1922.49,Andrew P.,Sibiu,17.63,3635
753,2025-01-22,LG Monitor,Monitors,3145.00,5,20.00,12580.00,3282.77,Michael B.,Cluj,26.10,2516
754,2025-01-23,Mechanical Keyboard,Accessories,4321.00,2,15.00,7345.70,1223.92,Maria T.,Brasov,16.66,3673
755,2025-01-24,Gaming Mouse,Accessories,4647.00,1,5.00,4414.65,1235.01,Vlad C.,Arad,27.98,4415
756,2025-01-25,Portable Speaker,Monitors,1381.00,5,15.00,5869.25,910.87,Michael B.,Cluj,15.52,1174
757,2025-01-26,Portable Speaker,Accessories,4873.00,2,10.00,8771.40,1361.91,Anna L.,Sibiu,15.53,4386
758,2025-01-27,Laptop ASUS,Mobile,926.00,5,5.00,4398.50,1164.05,Maria T.,Constanta,26.46,880
759,2025-01-28,iPhone 14,Monitors,3721.00,4,0.00,14884.00,4233.94,Sonia R.,Cluj,28.45,3721
760,2025-01-29,Laptop ASUS,Electronics,2472.00,3,15.00,6303.60,1395.69,Elena F.,Bucharest,22.14,2101
761,2025-01-30,iPad Tablet,Electronics,357.00,3,20.00,856.80,122.63,Christina N.,Bucharest,14.31,286
762,2025-01-31,Wireless Headphones,Accessories,728.00,1,20.00,582.40,86.17,Michael B.,Iasi,14.80,582
763,2025-02-01,Smartwatch,Accessories,3387.00,3,10.00,9144.90,1434.60,Michael B.,Arad,15.69,3048
764,2025-02-02,Portable Speaker,Accessories,1629.00,3,10.00,4398.30,886.70,Anna L.,Oradea,20.16,1466
765,2025-02-03,Portable Speaker,Accessories,1825.00,4,20.00,5840.00,636.91,Sonia R.,Sibiu,10.91,1460
766,2025-02-04,iPad Tablet,Tablets,645.00,5,5.00,3063.75,330.21,Christina N.,Arad,10.78,613
767,2025-02-05,Smartwatch,Electronics,1426.00,5,15.00,6060.50,932.86,Darius M.,Sibiu,15.39,1212
768,2025-02-06,LG Monitor,Accessories,1168.00,3,15.00,2978.40,453.08,Sonia R.,Brasov,15.21,993
769,2025-02-07,Gaming Mouse,Accessories,3141.00,3,20.00,7538.40,1177.85,John D.,Oradea,15.62,2513
770,2025-02-08,Smartwatch,Electronics,3468.00,5,15.00,14739.00,2638.95,Vlad C.,Iasi,17.90,2948
771,2025-02-09,iPad Tablet,Audio,4420.00,1,10.00,3978.00,534.19,Sonia R.,Sibiu,13.43,3978
772,2025-02-10,Laptop ASUS,Audio,4491.00,4,15.00,15269.40,3902.95,Christina N.,Brasov,25.56,3817
773,2025-02-11,Gaming Mouse,Electronics,271.00,3,20.00,650.40,85.15,Michael B.,Arad,13.09,217
774,2025-02-12,Smartwatch,Electronics,1703.00,2,5.00,3235.70,565.10,Elena F.,Cluj,17.46,1618
775,2025-02-13,LG Monitor,Accessories,2742.00,1,15.00,2330.70,252.57,Maria T.,Oradea,10.84,2331
776,2025-02-14,LG Monitor,Monitors,4228.00,3,10.00,11415.60,1438.75,Vlad C.,Constanta,12.60,3805
777,2025-02-15,Portable Speaker,Accessories,4031.00,2,15.00,6852.70,892.84,Vlad C.,Cluj,13.03,3426
778,2025-02-16,Samsung TV,Tablets,2887.00,1,5.00,2742.65,808.93,Darius M.,Oradea,29.49,2743
779,2025-02-17,iPad Tablet,Electronics,4365.00,4,20.00,13968.00,3751.75,Elena F.,Timisoara,26.86,3492
780,2025-02-18,Samsung TV,Accessories,3221.00,5,5.00,15299.75,4102.14,Maria T.,Oradea,26.81,3060
781,2025-02-19,Samsung TV,Accessories,1296.00,5,10.00,5832.00,1532.73,Andrew P.,Constanta,26.28,1166
782,2025-02-20,Samsung TV,Mobile,3636.00,4,0.00,14544.00,4050.50,Maria T.,Timisoara,27.85,3636
783,2025-02-21,Wireless Headphones,Accessories,1408.00,5,15.00,5984.00,1484.32,Christina N.,Arad,24.80,1197
784,2025-02-22,Mechanical Keyboard,Electronics,4928.00,4,15.00,16755.20,2647.20,John D.,Sibiu,15.80,4189
785,2025-02-23,Portable Speaker,Electronics,4351.00,1,10.00,3915.90,792.11,Andrew P.,Galati,20.23,3916
786,2025-02-24,Gaming Mouse,Accessories,1390.00,4,0.00,5560.00,1219.87,Darius M.,Bucharest,21.94,1390
787,2025-02-25,Mechanical Keyboard,Monitors,2209.00,2,5.00,4197.10,853.78,Michael B.,Constanta,20.34,2099
788,2025-02-26,Samsung TV,Audio,1321.00,2,15.00,2245.70,414.79,Andrew P.,Constanta,18.47,1123
789,2025-02-27,Wireless Headphones,Electronics,4091.00,1,10.00,3681.90,679.49,Darius M.,Constanta,18.45,3682
790,2025-02-28,Portable Speaker,Tablets,4132.00,2,0.00,8264.00,2343.71,Elena F.,Sibiu,28.36,4132
791,2025-03-01,Laptop ASUS,Accessories,899.00,4,20.00,2876.80,787.04,Michael B.,Bucharest,27.36,719
792,2025-03-02,Mechanical Keyboard,Accessories,987.00,4,5.00,3750.60,900.64,Anna L.,Arad,24.01,938
793,2025-03-03,Wireless Headphones,Tablets,636.00,5,0.00,3180.00,346.28,Maria T.,Iasi,10.89,636
794,2025-03-04,Mechanical Keyboard,Audio,4931.00,2,20.00,7889.60,2023.58,Michael B.,Arad,25.65,3945
795,2025-03-05,LG Monitor,Accessories,4013.00,1,10.00,3611.70,627.13,Maria T.,Timisoara,17.36,3612
796,2025-03-06,Laptop ASUS,Accessories,1742.00,3,0.00,5226.00,1228.68,Vlad C.,Brasov,23.51,1742
797,2025-03-07,Wireless Headphones,Accessories,4408.00,1,15.00,3746.80,937.99,Anna L.,Iasi,25.03,3747
798,2025-03-08,Mechanical Keyboard,Accessories,1682.00,4,20.00,5382.40,1030.93,Sonia R.,Cluj,19.15,1346
799,2025-03-09,LG Monitor,Audio,4344.00,3,10.00,11728.80,1674.34,Christina N.,Galati,14.28,3910
800,2025-03-10,Portable Speaker,Electronics,488.00,2,10.00,878.40,241.52,Vlad C.,Iasi,27.50,439
801,2025-03-11,Laptop ASUS,Audio,4761.00,4,20.00,15235.20,3894.46,Elena F.,Brasov,25.56,3809
802,2025-03-12,Wireless Headphones,Electronics,4241.00,2,0.00,8482.00,2415.73,Darius M.,Timisoara,28.48,4241
803,2025-03-13,LG Monitor,Accessories,1000.00,1,10.00,900.00,153.91,Maria T.,Iasi,17.10,900
804,2025-03-14,iPad Tablet,Mobile,1517.00,1,5.00,1441.15,213.40,Christina N.,Galati,14.81,1441
805,2025-03-15,Samsung TV,Accessories,3648.00,3,10.00,9849.60,1284.10,Sonia R.,Oradea,13.04,3283
806,2025-03-16,Gaming Mouse,Tablets,4952.00,3,15.00,12627.60,2489.23,Maria T.,Cluj,19.71,4209
807,2025-03-17,Wireless Headphones,Audio,4963.00,3,5.00,14144.55,3022.68,Michael B.,Iasi,21.37,4715
808,2025-03-18,Wireless Headphones,Monitors,3362.00,2,10.00,6051.60,1713.89,Anna L.,Brasov,28.32,3026
809,2025-03-19,Laptop ASUS,Audio,3500.00,3,15.00,8925.00,955.95,Sonia R.,Oradea,10.71,2975
810,2025-03-20,LG Monitor,Accessories,1775.00,2,10.00,3195.00,747.07,Michael B.,Iasi,23.38,1598
811,2025-03-21,Laptop ASUS,Accessories,2739.00,2,0.00,5478.00,955.28,Andrew P.,Sibiu,17.44,2739
812,2025-03-22,Gaming Mouse,Accessories,2253.00,4,20.00,7209.60,1129.98,John D.,Arad,15.67,1802
813,2025-03-23,Wireless Headphones,Accessories,1055.00,3,20.00,2532.00,734.73,Anna L.,Cluj,29.02,844
814,2025-03-24,iPhone 14,Monitors,2041.00,1,0.00,2041.00,391.97,Christina N.,Galati,19.20,2041
815,2025-03-25,Smartwatch,Accessories,4794.00,5,15.00,20374.50,5093.66,Michael B.,Cluj,25.00,4075
816,2025-03-26,Samsung TV,Accessories,3868.00,5,20.00,15472.00,2867.50,Sonia R.,Iasi,18.53,3094
817,2025-03-27,iPhone 14,Monitors,4296.00,2,15.00,7303.20,1859.68,Vlad C.,Constanta,25.46,3652
818,2025-03-28,Gaming Mouse,Accessories,2876.00,2,10.00,5176.80,712.93,Sonia R.,Constanta,13.77,2588
819,2025-03-29,Samsung TV,Accessories,2046.00,1,10.00,1841.40,307.64,Michael B.,Constanta,16.71,1841
820,2025-03-30,Mechanical Keyboard,Accessories,3911.00,3,10.00,10559.70,1291.36,Elena F.,Iasi,12.23,3520
821,2025-03-31,Portable Speaker,Accessories,4853.00,1,15.00,4125.05,989.24,Vlad C.,Cluj,23.98,4125
822,2025-04-01,Mechanical Keyboard,Accessories,1744.00,3,0.00,5232.00,741.68,Elena F.,Cluj,14.18,1744
823,2025-04-02,Smartwatch,Monitors,1597.00,3,10.00,4311.90,1214.46,Andrew P.,Bucharest,28.17,1437
824,2025-04-03,Wireless Headphones,Mobile,2796.00,3,20.00,6710.40,1049.32,Sonia R.,Sibiu,15.64,2237
825,2025-04-04,iPad Tablet,Accessories,2138.00,4,20.00,6841.60,1359.62,Vlad C.,Arad,19.87,1710
826,2025-04-05,Samsung TV,Mobile,4578.00,4,5.00,17396.40,3214.53,John D.,Iasi,18.48,4349
827,2025-04-06,Gaming Mouse,Tablets,555.00,5,20.00,2220.00,267.01,Anna L.,Cluj,12.03,444
828,2025-04-07,Wireless Headphones,Mobile,4613.00,2,0.00,9226.00,2643.22,Sonia R.,Timisoara,28.65,4613
829,2025-04-08,iPad Tablet,Monitors,2575.00,2,0.00,5150.00,1452.42,Maria T.,Iasi,28.20,2575
830,2025-04-09,iPhone 14,Audio,2422.00,4,10.00,8719.20,1462.21,Maria T.,Galati,16.77,2180
831,2025-04-10,Portable Speaker,Accessories,4319.00,1,0.00,4319.00,484.89,Anna L.,Brasov,11.23,4319
832,2025-04-11,Portable Speaker,Tablets,3304.00,1,15.00,2808.40,828.26,Sonia R.,Cluj,29.49,2808
833,2025-04-12,Portable Speaker,Mobile,4332.00,3,10.00,11696.40,2947.72,Darius M.,Timisoara,25.20,3899
834,2025-04-13,Smartwatch,Accessories,3158.00,3,15.00,8052.90,1710.56,John D.,Iasi,21.24,2684
835,2025-04-14,Laptop ASUS,Accessories,4535.00,1,5.00,4308.25,693.85,John D.,Cluj,16.11,4308
836,2025-04-15,iPad Tablet,Audio,4255.00,1,15.00,3616.75,905.81,Darius M.,Arad,25.04,3617
837,2025-04-16,Portable Speaker,Monitors,935.00,2,15.00,1589.50,376.52,Christina N.,Arad,23.69,795
838,2025-04-17,Wireless Headphones,Tablets,1848.00,3,20.00,4435.20,1148.38,Vlad C.,Arad,25.89,1478
839,2025-04-18,Samsung TV,Tablets,4586.00,3,20.00,11006.40,3140.77,Sonia R.,Brasov,28.54,3669
840,2025-04-19,Wireless Headphones,Accessories,4505.00,5,0.00,22525.00,3574.31,Vlad C.,Oradea,15.87,4505
841,2025-04-20,iPad Tablet,Tablets,1810.00,4,10.00,6516.00,1881.32,John D.,Oradea,28.87,1629
842,2025-04-21,Mechanical Keyboard,Accessories,2758.00,1,15.00,2344.30,317.98,Sonia R.,Iasi,13.56,2344
843,2025-04-22,LG Monitor,Tablets,210.00,3,15.00,535.50,58.62,Darius M.,Timisoara,10.95,179
844,2025-04-23,iPad Tablet,Accessories,2829.00,2,15.00,4809.30,1415.28,Maria T.,Iasi,29.43,2405
845,2025-04-24,Gaming Mouse,Audio,3939.00,1,15.00,3348.15,378.63,Christina N.,Bucharest,11.31,3348
846,2025-04-25,Gaming Mouse,Electronics,337.00,4,5.00,1280.60,288.91,Sonia R.,Iasi,22.56,320
847,2025-04-26,LG Monitor,Audio,1107.00,1,10.00,996.30,194.00,Christina N.,Sibiu,19.47,996
848,2025-04-27,iPhone 14,Accessories,4475.00,1,10.00,4027.50,873.40,Anna L.,Iasi,21.69,4028
849,2025-04-28,LG Monitor,Accessories,1454.00,2,15.00,2471.80,418.15,Elena F.,Arad,16.92,1236
850,2025-04-29,Smartwatch,Accessories,4231.00,5,10.00,19039.50,2760.52,Maria T.,Iasi,14.50,3808
851,2025-04-30,Samsung TV,Accessories,1329.00,3,15.00,3388.95,844.84,Andrew P.,Cluj,24.93,1130
852,2025-05-01,Smartwatch,Mobile,4370.00,2,10.00,7866.00,1056.26,Michael B.,Timisoara,13.43,3933
853,2025-05-02,Portable Speaker,Accessories,4432.00,1,0.00,4432.00,852.72,Sonia R.,Galati,19.24,4432
854,2025-05-03,LG Monitor,Accessories,3481.00,3,15.00,8876.55,2604.97,Michael B.,Cluj,29.35,2959
855,2025-05-04,Portable Speaker,Accessories,4762.00,2,20.00,7619.20,1254.91,Elena F.,Arad,16.47,3810
856,2025-05-05,Laptop ASUS,Accessories,3226.00,5,20.00,12904.00,1495.11,Sonia R.,Brasov,11.59,2581
857,2025-05-06,Laptop ASUS,Accessories,1892.00,5,20.00,7568.00,811.84,Darius M.,Oradea,10.73,1514
858,2025-05-07,Gaming Mouse,Electronics,1179.00,1,15.00,1002.15,239.78,Michael B.,Galati,23.93,1002
859,2025-05-08,iPad Tablet,Electronics,4670.00,1,10.00,4203.00,689.81,Maria T.,Cluj,16.41,4203
860,2025-05-09,LG Monitor,Electronics,3247.00,2,20.00,5195.20,1249.87,Sonia R.,Brasov,24.06,2598
861,2025-05-10,Mechanical Keyboard,Mobile,3907.00,3,20.00,9376.80,2197.17,Elena F.,Oradea,23.43,3126
862,2025-05-11,Wireless Headphones,Electronics,4645.00,4,20.00,14864.00,4126.32,Sonia R.,Arad,27.76,3716
863,2025-05-12,Mechanical Keyboard,Monitors,342.00,5,10.00,1539.00,431.46,Christina N.,Galati,28.04,308
864,2025-05-13,Gaming Mouse,Mobile,719.00,1,20.00,575.20,80.57,Michael B.,Galati,14.01,575
865,2025-05-14,Gaming Mouse,Accessories,3622.00,5,15.00,15393.50,2858.50,Maria T.,Iasi,18.57,3079
866,2025-05-15,LG Monitor,Electronics,2447.00,5,20.00,9788.00,2181.02,Darius M.,Timisoara,22.28,1958
867,2025-05-16,Mechanical Keyboard,Tablets,2856.00,2,10.00,5140.80,911.62,Maria T.,Galati,17.73,2570
868,2025-05-17,iPhone 14,Monitors,1082.00,2,0.00,2164.00,462.71,John D.,Timisoara,21.38,1082
869,2025-05-18,iPhone 14,Accessories,2839.00,5,15.00,12065.75,1748.21,Michael B.,Arad,14.49,2413
870,2025-05-19,Wireless Headphones,Tablets,3389.00,4,15.00,11522.60,1684.02,Michael B.,Timisoara,14.61,2881
871,2025-05-20,iPad Tablet,Accessories,378.00,1,20.00,302.40,38.31,Christina N.,Galati,12.67,302
872,2025-05-21,Gaming Mouse,Tablets,1872.00,5,20.00,7488.00,978.38,Michael B.,Bucharest,13.07,1498
873,2025-05-22,Mechanical Keyboard,Accessories,2811.00,2,15.00,4778.70,782.81,Maria T.,Oradea,16.38,2389
874,2025-05-23,Samsung TV,Accessories,4634.00,1,20.00,3707.20,899.53,Maria T.,Timisoara,24.26,3707
875,2025-05-24,Wireless Headphones,Accessories,2450.00,2,5.00,4655.00,599.73,John D.,Constanta,12.88,2328
876,2025-05-25,Laptop ASUS,Accessories,4230.00,5,0.00,21150.00,5182.77,Michael B.,Brasov,24.50,4230
877,2025-05-26,iPad Tablet,Electronics,387.00,5,10.00,1741.50,444.22,Darius M.,Iasi,25.51,348
878,2025-05-27,Samsung TV,Electronics,1989.00,2,5.00,3779.10,915.14,Darius M.,Constanta,24.22,1890
879,2025-05-28,Portable Speaker,Electronics,2022.00,5,10.00,9099.00,2664.58,Darius M.,Timisoara,29.28,1820
880,2025-05-29,Wireless Headphones,Accessories,1818.00,3,0.00,5454.00,1586.28,Elena F.,Cluj,29.08,1818
881,2025-05-30,Laptop ASUS,Electronics,2042.00,3,15.00,5207.10,855.96,John D.,Cluj,16.44,1736
882,2025-05-31,Smartwatch,Accessories,3425.00,3,15.00,8733.75,2387.59,Anna L.,Bucharest,27.34,2911
883,2025-06-01,Samsung TV,Accessories,4312.00,1,15.00,3665.20,391.44,Andrew P.,Cluj,10.68,3665
884,2025-06-02,Mechanical Keyboard,Monitors,344.00,1,20.00,275.20,49.24,Anna L.,Galati,17.89,275
885,2025-06-03,iPhone 14,Audio,3370.00,3,0.00,10110.00,2212.08,Maria T.,Iasi,21.88,3370
886,2025-06-04,Mechanical Keyboard,Accessories,2195.00,5,20.00,8780.00,1103.86,Vlad C.,Oradea,12.57,1756
887,2025-06-05,Samsung TV,Audio,3549.00,1,5.00,3371.55,907.56,Sonia R.,Arad,26.92,3372
888,2025-06-06,Samsung TV,Electronics,2169.00,5,0.00,10845.00,2024.53,Sonia R.,Constanta,18.67,2169
889,2025-06-07,Smartwatch,Tablets,4669.00,3,5.00,13306.65,2797.04,Michael B.,Bucharest,21.02,4436
890,2025-06-08,Gaming Mouse,Monitors,1518.00,2,20.00,2428.80,287.40,Darius M.,Iasi,11.83,1214
891,2025-06-09,iPad Tablet,Electronics,417.00,3,0.00,1251.00,252.40,Anna L.,Brasov,20.18,417
892,2025-06-10,Laptop ASUS,Audio,3664.00,5,10.00,16488.00,2967.79,Andrew P.,Sibiu,18.00,3298
893,2025-06-11,iPhone 14,Electronics,3923.00,2,10.00,7061.40,1876.97,Andrew P.,Galati,26.58,3531
894,2025-06-12,Laptop ASUS,Mobile,3153.00,2,10.00,5675.40,783.25,Sonia R.,Constanta,13.80,2838
895,2025-06-13,Smartwatch,Audio,2749.00,2,5.00,5223.10,1274.41,Darius M.,Sibiu,24.40,2612
896,2025-06-14,Samsung TV,Accessories,1374.00,3,20.00,3297.60,676.06,Michael B.,Timisoara,20.50,1099
897,2025-06-15,Samsung TV,Tablets,2748.00,2,20.00,4396.80,1233.67,John D.,Sibiu,28.06,2198
898,2025-06-16,LG Monitor,Accessories,339.00,1,15.00,288.15,35.48,Maria T.,Galati,12.31,288
899,2025-06-17,Samsung TV,Accessories,4714.00,3,20.00,11313.60,1604.94,Vlad C.,Cluj,14.19,3771
900,2025-06-18,LG Monitor,Accessories,2163.00,4,15.00,7354.20,917.17,Vlad C.,Bucharest,12.47,1839
901,2025-06-19,Laptop ASUS,Audio,4372.00,3,10.00,11804.40,2582.48,Sonia R.,Iasi,21.88,3935
902,2025-06-20,Portable Speaker,Accessories,2863.00,1,0.00,2863.00,467.79,John D.,Brasov,16.34,2863
903,2025-06-21,Wireless Headphones,Accessories,4816.00,5,5.00,22876.00,3665.54,John D.,Oradea,16.02,4575
904,2025-06-22,Wireless Headphones,Accessories,2659.00,2,0.00,5318.00,1545.05,Christina N.,Cluj,29.05,2659
905,2025-06-23,Smartwatch,Accessories,210.00,3,20.00,504.00,67.29,Anna L.,Cluj,13.35,168
906,2025-06-24,Mechanical Keyboard,Mobile,2410.00,4,0.00,9640.00,990.13,Christina N.,Timisoara,10.27,2410
907,2025-06-25,iPad Tablet,Accessories,3120.00,4,20.00,9984.00,2730.80,Maria T.,Bucharest,27.35,2496
908,2025-06-26,iPad Tablet,Accessories,1255.00,4,5.00,4769.00,1103.98,Anna L.,Brasov,23.15,1192
909,2025-06-27,Laptop ASUS,Tablets,928.00,3,15.00,2366.40,500.94,Elena F.,Iasi,21.17,789
910,2025-06-28,iPad Tablet,Mobile,2112.00,3,20.00,5068.80,1031.77,Vlad C.,Constanta,20.36,1690
911,2025-06-29,Wireless Headphones,Accessories,4723.00,4,10.00,17002.80,3916.31,Andrew P.,Oradea,23.03,4251
912,2025-06-30,iPad Tablet,Accessories,4691.00,4,20.00,15011.20,3156.81,Andrew P.,Brasov,21.03,3753
913,2025-07-01,Wireless Headphones,Monitors,1891.00,2,20.00,3025.60,620.12,Darius M.,Cluj,20.50,1513
914,2025-07-02,Gaming Mouse,Accessories,3976.00,5,5.00,18886.00,4922.72,Elena F.,Cluj,26.07,3777
915,2025-07-03,Gaming Mouse,Mobile,2521.00,3,10.00,6806.70,858.51,John D.,Bucharest,12.61,2269
916,2025-07-04,iPhone 14,Accessories,1142.00,4,5.00,4339.60,499.27,Anna L.,Galati,11.50,1085
917,2025-07-05,Wireless Headphones,Mobile,1410.00,3,15.00,3595.50,912.39,Sonia R.,Brasov,25.38,1199
918,2025-07-06,Laptop ASUS,Mobile,3771.00,1,0.00,3771.00,699.66,Anna L.,Iasi,18.55,3771
919,2025-07-07,Samsung TV,Accessories,742.00,2,15.00,1261.40,154.64,Darius M.,Oradea,12.26,631
920,2025-07-08,iPhone 14,Accessories,1543.00,2,20.00,2468.80,622.49,Maria T.,Bucharest,25.21,1234
921,2025-07-09,Laptop ASUS,Tablets,3045.00,4,20.00,9744.00,2545.39,Sonia R.,Iasi,26.12,2436
922,2025-07-10,Gaming Mouse,Audio,1819.00,2,0.00,3638.00,735.24,Christina N.,Cluj,20.21,1819
923,2025-07-11,iPhone 14,Accessories,1613.00,1,15.00,1371.05,357.44,Sonia R.,Bucharest,26.07,1371
924,2025-07-12,Smartwatch,Audio,1583.00,2,10.00,2849.40,718.22,Anna L.,Timisoara,25.21,1425
925,2025-07-13,Smartwatch,Audio,4296.00,4,15.00,14606.40,4024.58,Michael B.,Brasov,27.55,3652
926,2025-07-14,iPhone 14,Electronics,4931.00,3,0.00,14793.00,2244.06,Andrew P.,Timisoara,15.17,4931
927,2025-07-15,Laptop ASUS,Monitors,4982.00,3,0.00,14946.00,2268.00,Maria T.,Constanta,15.17,4982
928,2025-07-16,Portable Speaker,Accessories,4170.00,4,15.00,14178.00,1779.24,Maria T.,Sibiu,12.55,3545
929,2025-07-17,Gaming Mouse,Audio,3669.00,3,10.00,9906.30,2028.16,Christina N.,Sibiu,20.47,3302
930,2025-07-18,iPad Tablet,Accessories,1939.00,2,20.00,3102.40,323.50,Michael B.,Arad,10.43,1551
931,2025-07-19,Gaming Mouse,Accessories,2241.00,4,10.00,8067.60,1926.15,John D.,Timisoara,23.88,2017
932,2025-07-20,Smartwatch,Electronics,1742.00,5,15.00,7403.50,857.06,Sonia R.,Brasov,11.58,1481
933,2025-07-21,LG Monitor,Accessories,394.00,5,15.00,1674.50,407.17,Darius M.,Bucharest,24.32,335
934,2025-07-22,Mechanical Keyboard,Electronics,2546.00,2,15.00,4328.20,740.43,Darius M.,Cluj,17.11,2164
935,2025-07-23,Gaming Mouse,Accessories,2938.00,2,5.00,5582.20,960.60,Michael B.,Arad,17.21,2791
936,2025-07-24,iPad Tablet,Accessories,3452.00,3,5.00,9838.20,2619.98,Maria T.,Galati,26.63,3279
937,2025-07-25,Mechanical Keyboard,Audio,4397.00,5,15.00,18687.25,4873.67,Darius M.,Galati,26.08,3737
938,2025-07-26,LG Monitor,Monitors,3264.00,4,0.00,13056.00,2048.35,Sonia R.,Brasov,15.69,3264
939,2025-07-27,iPad Tablet,Electronics,3429.00,4,5.00,13030.20,3742.35,Christina N.,Constanta,28.72,3258
940,2025-07-28,Portable Speaker,Accessories,971.00,3,0.00,2913.00,426.05,Anna L.,Iasi,14.63,971
941,2025-07-29,iPad Tablet,Accessories,2950.00,3,20.00,7080.00,1219.31,Maria T.,Bucharest,17.22,2360
942,2025-07-30,iPad Tablet,Accessories,4066.00,2,5.00,7725.40,2136.17,Michael B.,Galati,27.65,3863
943,2025-07-31,Samsung TV,Electronics,528.00,3,15.00,1346.40,233.24,Anna L.,Arad,17.32,449
944,2025-08-01,Gaming Mouse,Accessories,3010.00,2,20.00,4816.00,1033.91,Darius M.,Cluj,21.47,2408
945,2025-08-02,Mechanical Keyboard,Accessories,4428.00,5,5.00,21033.00,2689.14,Anna L.,Constanta,12.79,4207
946,2025-08-03,Wireless Headphones,Audio,838.00,3,0.00,2514.00,633.99,Sonia R.,Constanta,25.22,838
947,2025-08-04,iPhone 14,Accessories,3587.00,1,5.00,3407.65,635.47,Michael B.,Bucharest,18.65,3408
948,2025-08-05,iPad Tablet,Monitors,3633.00,2,0.00,7266.00,1701.54,Elena F.,Constanta,23.42,3633
949,2025-08-06,Gaming Mouse,Tablets,4514.00,4,10.00,16250.40,3968.85,Maria T.,Arad,24.42,4063
950,2025-08-07,Smartwatch,Electronics,2146.00,3,5.00,6116.10,1650.97,Elena F.,Brasov,26.99,2039
951,2025-08-08,Smartwatch,Mobile,2418.00,5,0.00,12090.00,1951.73,Christina N.,Bucharest,16.14,2418
952,2025-08-09,Smartwatch,Accessories,1171.00,4,20.00,3747.20,672.31,Sonia R.,Galati,17.94,937
953,2025-08-10,LG Monitor,Electronics,2331.00,5,15.00,9906.75,1486.52,Anna L.,Arad,15.01,1981
954,2025-08-11,Portable Speaker,Electronics,4157.00,5,10.00,18706.50,2866.33,Sonia R.,Iasi,15.32,3741
955,2025-08-12,Smartwatch,Accessories,2460.00,2,5.00,4674.00,1315.22,Sonia R.,Timisoara,28.14,2337
956,2025-08-13,Portable Speaker,Audio,223.00,3,5.00,635.55,138.81,Sonia R.,Timisoara,21.84,212
957,2025-08-14,LG Monitor,Accessories,549.00,2,10.00,988.20,101.04,Vlad C.,Iasi,10.22,494
958,2025-08-15,Samsung TV,Accessories,4447.00,3,20.00,10672.80,2539.77,Elena F.,Sibiu,23.80,3558
959,2025-08-16,Wireless Headphones,Monitors,3800.00,2,20.00,6080.00,1634.99,Christina N.,Brasov,26.89,3040
960,2025-08-17,Gaming Mouse,Accessories,2406.00,5,0.00,12030.00,2728.97,Sonia R.,Bucharest,22.68,2406
961,2025-08-18,Laptop ASUS,Monitors,1909.00,2,10.00,3436.20,576.22,John D.,Cluj,16.77,1718
962,2025-08-19,iPhone 14,Accessories,2290.00,2,0.00,4580.00,1180.84,Darius M.,Arad,25.78,2290
963,2025-08-20,Laptop ASUS,Accessories,3700.00,4,0.00,14800.00,1685.48,Christina N.,Sibiu,11.39,3700
964,2025-08-21,Wireless Headphones,Electronics,947.00,5,15.00,4024.75,731.73,Darius M.,Bucharest,18.18,805
965,2025-08-22,Wireless Headphones,Accessories,464.00,4,15.00,1577.60,221.61,Christina N.,Sibiu,14.05,394
966,2025-08-23,iPad Tablet,Tablets,379.00,3,0.00,1137.00,310.91,Vlad C.,Sibiu,27.34,379
967,2025-08-24,Portable Speaker,Audio,2573.00,4,5.00,9777.40,1212.27,Christina N.,Galati,12.40,2444
968,2025-08-25,Samsung TV,Audio,4858.00,5,0.00,24290.00,6936.09,Christina N.,Brasov,28.56,4858
969,2025-08-26,Portable Speaker,Tablets,2057.00,5,15.00,8742.25,1776.02,Michael B.,Galati,20.32,1748
970,2025-08-27,Mechanical Keyboard,Electronics,2299.00,1,0.00,2299.00,257.91,Andrew P.,Timisoara,11.22,2299
971,2025-08-28,Portable Speaker,Accessories,3701.00,3,0.00,11103.00,1208.25,Andrew P.,Iasi,10.88,3701
972,2025-08-29,Gaming Mouse,Monitors,837.00,1,15.00,711.45,99.50,Sonia R.,Sibiu,13.99,711
973,2025-08-30,LG Monitor,Electronics,4797.00,1,0.00,4797.00,1208.47,Darius M.,Timisoara,25.19,4797
974,2025-08-31,LG Monitor,Monitors,1730.00,3,15.00,4411.50,1016.39,Andrew P.,Arad,23.04,1471
975,2025-09-01,iPad Tablet,Electronics,3306.00,5,5.00,15703.50,2495.60,Anna L.,Timisoara,15.89,3141
976,2025-09-02,Gaming Mouse,Mobile,1155.00,3,20.00,2772.00,663.15,Michael B.,Arad,23.92,924
977,2025-09-03,Laptop ASUS,Accessories,2826.00,5,10.00,12717.00,3128.22,Andrew P.,Cluj,24.60,2543
978,2025-09-04,Smartwatch,Accessories,2906.00,3,10.00,7846.20,2190.21,Anna L.,Sibiu,27.91,2615
979,2025-09-05,LG Monitor,Electronics,2667.00,5,10.00,12001.50,2418.81,Christina N.,Oradea,20.15,2400
980,2025-09-06,Smartwatch,Electronics,216.00,1,15.00,183.60,30.76,Elena F.,Brasov,16.75,184
981,2025-09-07,Wireless Headphones,Audio,4182.00,5,5.00,19864.50,3973.28,Anna L.,Brasov,20.00,3973
982,2025-09-08,iPad Tablet,Electronics,2620.00,5,20.00,10480.00,2549.92,Andrew P.,Sibiu,24.33,2096
983,2025-09-09,Samsung TV,Accessories,2756.00,4,0.00,11024.00,2423.84,John D.,Bucharest,21.99,2756
984,2025-09-10,Wireless Headphones,Mobile,1192.00,3,20.00,2860.80,394.90,Andrew P.,Cluj,13.80,954
985,2025-09-11,Laptop ASUS,Accessories,3081.00,1,5.00,2926.95,293.30,Sonia R.,Iasi,10.02,2927
986,2025-09-12,Samsung TV,Mobile,3062.00,3,15.00,7808.10,1547.81,John D.,Brasov,19.82,2603
987,2025-09-13,Mechanical Keyboard,Accessories,1904.00,2,10.00,3427.20,484.38,Andrew P.,Galati,14.13,1714
988,2025-09-14,Laptop ASUS,Electronics,3750.00,2,5.00,7125.00,1192.75,Vlad C.,Arad,16.74,3563
989,2025-09-15,iPhone 14,Accessories,1014.00,4,5.00,3853.20,607.46,Andrew P.,Bucharest,15.77,963
990,2025-09-16,Wireless Headphones,Mobile,4442.00,1,0.00,4442.00,1301.67,John D.,Oradea,29.30,4442
991,2025-09-17,Portable Speaker,Accessories,1621.00,4,20.00,5187.20,1450.77,Vlad C.,Bucharest,27.97,1297
992,2025-09-18,iPad Tablet,Accessories,2389.00,5,5.00,11347.75,1242.57,Sonia R.,Oradea,10.95,2270
993,2025-09-19,Smartwatch,Accessories,204.00,3,15.00,520.20,146.09,John D.,Timisoara,28.08,173
994,2025-09-20,Samsung TV,Accessories,4773.00,3,0.00,14319.00,3095.56,Andrew P.,Bucharest,21.62,4773
995,2025-09-21,Samsung TV,Accessories,4109.00,2,15.00,6985.30,1458.63,Elena F.,Arad,20.88,3493
996,2025-09-22,Samsung TV,Electronics,3439.00,2,0.00,6878.00,2024.23,John D.,Oradea,29.43,3439
997,2025-09-23,iPhone 14,Accessories,827.00,2,5.00,1571.30,371.80,John D.,Sibiu,23.66,786
998,2025-09-24,iPad Tablet,Tablets,4248.00,4,0.00,16992.00,2793.64,Darius M.,Timisoara,16.44,4248
999,2025-09-25,Laptop ASUS,Tablets,1846.00,2,0.00,3692.00,570.54,John D.,Oradea,15.45,1846
1000,2025-09-26,iPad Tablet,Accessories,4738.00,4,10.00,17056.80,2856.63,Darius M.,Constanta,16.75,4264
