id_sale,sale_date,product,category,unit_price,quantity,discount,total_sales,profit,customer,location
1,2023-01-01,iPad Tablet,Mobile,2621,1,15,2227.85,497.28,Elena F.,Iasi
2,2023-01-02,Laptop ASUS,Mobile,2538,2,10,4568.4,1063.97,Maria T.,Oradea
3,2023-01-03,Smartwatch,Tablets,3424,3,15,8731.2,1799.99,Christina N.,Constanta
4,2023-01-04,Wireless Headphones,Electronics,3183,5,0,15915.0,2307.65,Maria T.,Timisoara
5,2023-01-05,Samsung TV,Audio,1245,1,5,1182.75,259.23,Andrew P.,Timisoara
6,2023-01-06,Smartwatch,Audio,1733,5,0,8665.0,1745.71,Elena F.,Oradea
7,2023-01-07,iPad Tablet,Accessories,4508,1,20,3606.4,853.25,Maria T.,Brasov
8,2023-01-08,iPhone 14,Monitors,3450,3,0,10350.0,2162.02,Sonia R.,Oradea
9,2023-01-09,Portable Speaker,Accessories,782,4,0,3128.0,556.45,Andrew P.,Bucharest
10,2023-01-10,Gaming Mouse,Electronics,3997,3,10,10791.9,3181.26,John D.,Constanta
11,2023-01-11,Wireless Headphones,Electronics,831,4,5,3157.8,399.52,Sonia R.,Timisoara
12,2023-01-12,Samsung TV,Electronics,1295,4,0,5180.0,1469.64,Maria T.,Timisoara
13,2023-01-13,Wireless Headphones,Electronics,2742,4,15,9322.8,1248.35,Vlad C.,Iasi
14,2023-01-14,LG Monitor,Electronics,2849,5,0,14245.0,3122.34,Michael B.,Timisoara
15,2023-01-15,iPad Tablet,Electronics,4810,4,10,17316.0,5071.7,Michael B.,Arad
16,2023-01-16,Samsung TV,Tablets,1398,5,10,6291.0,1264.11,Maria T.,Sibiu
17,2023-01-17,Laptop ASUS,Audio,4353,4,10,15670.8,4018.69,Vlad C.,Iasi
18,2023-01-18,Gaming Mouse,Electronics,1157,1,10,1041.3,191.79,John D.,Sibiu
19,2023-01-19,Laptop ASUS,Accessories,3778,5,10,17001.0,3972.89,Andrew P.,Oradea
20,2023-01-20,Gaming Mouse,Accessories,2387,2,5,4535.3,1073.71,John D.,Constanta
21,2023-01-21,Laptop ASUS,Audio,580,1,0,580.0,98.34,Christina N.,Constanta
22,2023-01-22,Gaming Mouse,Audio,970,4,5,3686.0,455.72,John D.,Galati
23,2023-01-23,iPad Tablet,Accessories,1115,2,5,2118.5,317.45,Sonia R.,Cluj
24,2023-01-24,Samsung TV,Electronics,2751,4,20,8803.2,1815.44,Sonia R.,Galati
25,2023-01-25,LG Monitor,Audio,224,4,10,806.4,207.92,Michael B.,Iasi
26,2023-01-26,Portable Speaker,Accessories,2547,3,20,6112.8,1456.78,Christina N.,Brasov
27,2023-01-27,Gaming Mouse,Audio,2090,1,0,2090.0,604.35,Anna L.,Oradea
28,2023-01-28,iPad Tablet,Mobile,4939,1,15,4198.15,1234.93,Anna L.,Timisoara
29,2023-01-29,Gaming Mouse,Tablets,1598,5,5,7590.5,1213.18,Sonia R.,Cluj
30,2023-01-30,Smartwatch,Audio,1553,2,0,3106.0,597.81,Darius M.,Iasi
31,2023-01-31,Samsung TV,Electronics,2600,1,20,2080.0,430.37,John D.,Iasi
32,2023-02-01,Laptop ASUS,Monitors,1356,1,15,1152.6,289.84,John D.,Sibiu
33,2023-02-02,iPad Tablet,Accessories,3021,5,10,13594.5,2116.96,John D.,Oradea
34,2023-02-03,Mechanical Keyboard,Accessories,967,3,10,2610.9,734.16,Andrew P.,Arad
35,2023-02-04,Wireless Headphones,Audio,2825,4,5,10735.0,2200.57,Anna L.,Galati
36,2023-02-05,Portable Speaker,Accessories,3772,4,5,14333.6,2829.06,Maria T.,Cluj
37,2023-02-06,Gaming Mouse,Electronics,842,4,5,3199.6,504.79,Darius M.,Brasov
38,2023-02-07,Wireless Headphones,Accessories,4272,2,0,8544.0,2319.06,John D.,Sibiu
39,2023-02-08,iPhone 14,Audio,1207,1,20,965.6,209.26,Anna L.,Bucharest
40,2023-02-09,Samsung TV,Accessories,4648,1,10,4183.2,611.71,Andrew P.,Oradea
41,2023-02-10,Samsung TV,Audio,2325,4,0,9300.0,2667.13,Elena F.,Cluj
42,2023-02-11,iPhone 14,Tablets,1482,1,20,1185.6,156.23,Vlad C.,Constanta
43,2023-02-12,Wireless Headphones,Accessories,615,4,5,2337.0,361.25,Anna L.,Galati
44,2023-02-13,iPad Tablet,Mobile,4227,1,20,3381.6,346.99,Maria T.,Timisoara
45,2023-02-14,iPhone 14,Audio,2078,5,0,10390.0,1111.63,Sonia R.,Sibiu
46,2023-02-15,iPad Tablet,Mobile,2438,4,10,8776.8,2631.01,Maria T.,Galati
47,2023-02-16,Laptop ASUS,Accessories,1581,5,0,7905.0,2256.02,Michael B.,Cluj
48,2023-02-17,Samsung TV,Monitors,650,4,20,2080.0,460.64,Vlad C.,Brasov
49,2023-02-18,Mechanical Keyboard,Accessories,1201,4,0,4804.0,1384.15,Elena F.,Galati
50,2023-02-19,Wireless Headphones,Accessories,2617,5,0,13085.0,1999.4,Elena F.,Constanta
51,2023-02-20,iPhone 14,Audio,1426,5,10,6417.0,1430.71,Andrew P.,Iasi
52,2023-02-21,Portable Speaker,Monitors,1814,3,20,4353.6,449.25,Christina N.,Galati
53,2023-02-22,Samsung TV,Accessories,2136,5,0,10680.0,2999.88,Anna L.,Cluj
54,2023-02-23,LG Monitor,Mobile,899,5,10,4045.5,641.03,Elena F.,Oradea
55,2023-02-24,Gaming Mouse,Tablets,2961,5,5,14064.75,1690.32,Maria T.,Brasov
56,2023-02-25,iPad Tablet,Accessories,414,1,0,414.0,123.18,Sonia R.,Cluj
57,2023-02-26,Wireless Headphones,Accessories,2592,3,15,6609.6,890.82,John D.,Iasi
58,2023-02-27,Gaming Mouse,Accessories,3377,4,5,12832.6,2285.83,Christina N.,Constanta
59,2023-02-28,LG Monitor,Accessories,4578,1,5,4349.1,758.04,Elena F.,Sibiu
60,2023-03-01,Laptop ASUS,Audio,457,4,15,1553.8,401.42,Maria T.,Timisoara
61,2023-03-02,iPhone 14,Electronics,2515,2,10,4527.0,1192.59,Sonia R.,Galati
62,2023-03-03,Mechanical Keyboard,Accessories,4220,1,15,3587.0,974.97,Christina N.,Galati
63,2023-03-04,Laptop ASUS,Accessories,3352,3,5,9553.2,2013.86,John D.,Brasov
64,2023-03-05,iPhone 14,Electronics,3438,1,20,2750.4,467.81,John D.,Oradea
65,2023-03-06,Mechanical Keyboard,Electronics,2707,2,15,4601.9,1370.11,Elena F.,Timisoara
66,2023-03-07,Gaming Mouse,Tablets,2904,5,20,11616.0,2232.57,Michael B.,Constanta
67,2023-03-08,Samsung TV,Audio,2119,5,0,10595.0,1675.4,Vlad C.,Oradea
68,2023-03-09,Gaming Mouse,Accessories,678,4,0,2712.0,361.43,Christina N.,Sibiu
69,2023-03-10,Laptop ASUS,Accessories,4051,3,5,11545.35,1338.81,Darius M.,Oradea
70,2023-03-11,LG Monitor,Electronics,3946,5,15,16770.5,3062.12,John D.,Iasi
71,2023-03-12,Gaming Mouse,Tablets,2145,4,0,8580.0,1063.77,John D.,Arad
72,2023-03-13,Portable Speaker,Monitors,3656,3,15,9322.8,1657.34,Christina N.,Brasov
73,2023-03-14,Smartwatch,Audio,258,5,15,1096.5,122.31,Sonia R.,Bucharest
74,2023-03-15,Portable Speaker,Audio,3196,4,0,12784.0,3772.39,Maria T.,Sibiu
75,2023-03-16,Samsung TV,Electronics,2010,2,15,3417.0,464.33,Michael B.,Oradea
76,2023-03-17,Gaming Mouse,Tablets,4888,3,20,11731.2,3061.5,Christina N.,Arad
77,2023-03-18,Laptop ASUS,Audio,3943,5,0,19715.0,4781.37,Michael B.,Cluj
78,2023-03-19,Gaming Mouse,Mobile,4187,4,15,14235.8,3266.29,Sonia R.,Cluj
79,2023-03-20,Samsung TV,Electronics,877,2,20,1403.2,357.36,Darius M.,Constanta
80,2023-03-21,Wireless Headphones,Accessories,1583,2,20,2532.8,527.23,Vlad C.,Bucharest
81,2023-03-22,iPhone 14,Monitors,3184,5,0,15920.0,4493.12,Michael B.,Cluj
82,2023-03-23,Portable Speaker,Accessories,2637,2,15,4482.9,611.48,Anna L.,Timisoara
83,2023-03-24,Smartwatch,Electronics,1667,4,0,6668.0,1430.46,Darius M.,Constanta
84,2023-03-25,Gaming Mouse,Electronics,2159,1,0,2159.0,506.11,John D.,Arad
85,2023-03-26,Portable Speaker,Tablets,3475,3,5,9903.75,1294.91,Vlad C.,Brasov
86,2023-03-27,Portable Speaker,Accessories,4713,4,5,17909.4,5251.02,John D.,Bucharest
87,2023-03-28,Gaming Mouse,Electronics,2987,2,20,4779.2,493.12,Maria T.,Constanta
88,2023-03-29,Mechanical Keyboard,Electronics,2721,5,15,11564.25,3439.51,John D.,Brasov
89,2023-03-30,iPad Tablet,Electronics,1337,4,10,4813.2,788.12,Anna L.,Brasov
90,2023-03-31,Samsung TV,Monitors,3114,1,5,2958.3,317.33,John D.,Oradea
91,2023-04-01,Samsung TV,Accessories,595,5,10,2677.5,628.0,John D.,Galati
92,2023-04-02,LG Monitor,Monitors,2599,2,0,5198.0,1176.3,Christina N.,Galati
93,2023-04-03,Samsung TV,Electronics,3011,5,20,12044.0,2312.64,Elena F.,Iasi
94,2023-04-04,Portable Speaker,Electronics,1712,1,15,1455.2,390.77,Anna L.,Iasi
95,2023-04-05,iPad Tablet,Accessories,1572,4,15,5344.8,1156.83,Vlad C.,Timisoara
96,2023-04-06,Portable Speaker,Accessories,1503,5,10,6763.5,1401.8,John D.,Iasi
97,2023-04-07,Mechanical Keyboard,Electronics,1370,3,10,3699.0,584.47,Sonia R.,Cluj
98,2023-04-08,iPhone 14,Mobile,2604,5,10,11718.0,1677.96,Sonia R.,Sibiu
99,2023-04-09,Portable Speaker,Accessories,4144,5,0,20720.0,3833.76,Michael B.,Sibiu
100,2023-04-10,LG Monitor,Electronics,2275,5,15,9668.75,1592.88,Michael B.,Constanta
101,2023-04-11,LG Monitor,Accessories,4345,3,0,13035.0,3158.64,Sonia R.,Cluj
102,2023-04-12,iPad Tablet,Accessories,2966,2,20,4745.6,1197.07,Vlad C.,Oradea
103,2023-04-13,Laptop ASUS,Accessories,818,1,20,654.4,136.78,Darius M.,Iasi
104,2023-04-14,Laptop ASUS,Accessories,2341,3,15,5969.55,688.84,Andrew P.,Arad
105,2023-04-15,Gaming Mouse,Mobile,2790,4,0,11160.0,3192.58,Vlad C.,Constanta
106,2023-04-16,Smartwatch,Accessories,3015,4,20,9648.0,1723.36,Anna L.,Arad
107,2023-04-17,Samsung TV,Accessories,1763,3,0,5289.0,1493.87,Vlad C.,Brasov
108,2023-04-18,Gaming Mouse,Monitors,2692,4,0,10768.0,1596.63,Andrew P.,Sibiu
109,2023-04-19,Gaming Mouse,Accessories,2612,3,20,6268.8,1338.41,Anna L.,Iasi
110,2023-04-20,LG Monitor,Audio,3624,1,5,3442.8,359.07,Sonia R.,Iasi
111,2023-04-21,LG Monitor,Mobile,3175,5,0,15875.0,1969.88,Michael B.,Sibiu
112,2023-04-22,Mechanical Keyboard,Mobile,3952,2,10,7113.6,844.44,Christina N.,Galati
113,2023-04-23,Smartwatch,Accessories,4022,3,10,10859.4,2311.81,Darius M.,Arad
114,2023-04-24,iPad Tablet,Accessories,4076,3,15,10393.8,1266.73,Maria T.,Arad
115,2023-04-25,Samsung TV,Tablets,893,5,10,4018.5,664.27,Michael B.,Oradea
116,2023-04-26,Smartwatch,Accessories,4573,1,10,4115.7,1072.99,Anna L.,Timisoara
117,2023-04-27,Portable Speaker,Accessories,3521,5,5,16724.75,2488.07,Sonia R.,Arad
118,2023-04-28,LG Monitor,Electronics,2728,1,5,2591.6,317.98,Andrew P.,Oradea
119,2023-04-29,Mechanical Keyboard,Electronics,2822,5,20,11288.0,2050.64,Vlad C.,Bucharest
120,2023-04-30,iPhone 14,Audio,1409,4,10,5072.4,1030.8,Andrew P.,Iasi
121,2023-05-01,Gaming Mouse,Tablets,1044,4,10,3758.4,1008.91,Darius M.,Cluj
122,2023-05-02,Laptop ASUS,Monitors,1707,1,5,1621.65,178.61,John D.,Sibiu
123,2023-05-03,Portable Speaker,Accessories,3603,3,5,10268.55,2349.29,Sonia R.,Oradea
124,2023-05-04,Portable Speaker,Accessories,2548,4,5,9682.4,1498.58,Andrew P.,Iasi
125,2023-05-05,iPhone 14,Mobile,1132,5,10,5094.0,1186.0,Darius M.,Bucharest
126,2023-05-06,Laptop ASUS,Accessories,4336,3,20,10406.4,3036.05,Darius M.,Brasov
127,2023-05-07,Portable Speaker,Electronics,1226,4,0,4904.0,612.71,Sonia R.,Cluj
128,2023-05-08,Gaming Mouse,Accessories,2556,4,0,10224.0,1995.87,Darius M.,Iasi
129,2023-05-09,Gaming Mouse,Tablets,1556,1,0,1556.0,424.42,Elena F.,Galati
130,2023-05-10,Wireless Headphones,Tablets,2363,2,10,4253.4,1236.57,Darius M.,Cluj
131,2023-05-11,Wireless Headphones,Electronics,2084,2,5,3959.6,708.88,Anna L.,Sibiu
132,2023-05-12,Laptop ASUS,Electronics,1055,5,10,4747.5,1344.61,Darius M.,Arad
133,2023-05-13,Smartwatch,Audio,4393,5,5,20866.75,5135.21,Vlad C.,Sibiu
134,2023-05-14,Smartwatch,Electronics,2412,4,10,8683.2,2500.47,Darius M.,Oradea
135,2023-05-15,iPad Tablet,Accessories,2043,1,5,1940.85,400.04,Christina N.,Sibiu
136,2023-05-16,Mechanical Keyboard,Accessories,3707,4,10,13345.2,3923.33,Anna L.,Cluj
137,2023-05-17,Samsung TV,Tablets,3204,3,5,9131.4,1159.31,Anna L.,Timisoara
138,2023-05-18,Smartwatch,Electronics,3975,2,10,7155.0,1324.62,Anna L.,Galati
139,2023-05-19,iPad Tablet,Electronics,1360,4,10,4896.0,743.39,Christina N.,Oradea
140,2023-05-20,Laptop ASUS,Tablets,4807,2,0,9614.0,2298.77,Maria T.,Arad
141,2023-05-21,iPhone 14,Audio,3242,3,0,9726.0,1473.5,Anna L.,Bucharest
142,2023-05-22,LG Monitor,Audio,3482,3,15,8879.1,2464.94,Elena F.,Sibiu
143,2023-05-23,Laptop ASUS,Tablets,443,4,10,1594.8,189.27,Michael B.,Brasov
144,2023-05-24,Laptop ASUS,Accessories,4690,5,0,23450.0,6036.44,Darius M.,Sibiu
145,2023-05-25,Laptop ASUS,Accessories,2445,1,0,2445.0,365.09,Sonia R.,Galati
146,2023-05-26,Portable Speaker,Electronics,2824,2,5,5365.6,1479.11,Elena F.,Sibiu
147,2023-05-27,iPad Tablet,Tablets,421,4,15,1431.4,208.12,Christina N.,Sibiu
148,2023-05-28,Samsung TV,Accessories,3840,5,10,17280.0,4767.91,Maria T.,Timisoara
149,2023-05-29,Portable Speaker,Accessories,1128,1,10,1015.2,249.56,Christina N.,Constanta
150,2023-05-30,Mechanical Keyboard,Accessories,3245,4,15,11033.0,1585.33,Anna L.,Arad
151,2023-05-31,Portable Speaker,Mobile,1668,3,0,5004.0,1458.15,Darius M.,Bucharest
152,2023-06-01,iPad Tablet,Accessories,4252,4,20,13606.4,3126.0,Darius M.,Bucharest
153,2023-06-02,Wireless Headphones,Tablets,2256,2,20,3609.6,895.05,Christina N.,Cluj
154,2023-06-03,Samsung TV,Accessories,4034,5,15,17144.5,2778.98,Andrew P.,Timisoara
155,2023-06-04,Mechanical Keyboard,Audio,4074,3,20,9777.6,1949.64,John D.,Arad
156,2023-06-05,Laptop ASUS,Accessories,4149,5,20,16596.0,4914.11,Maria T.,Sibiu
157,2023-06-06,Mechanical Keyboard,Mobile,2303,3,10,6218.1,1259.66,John D.,Cluj
158,2023-06-07,Smartwatch,Electronics,2725,2,15,4632.5,627.84,Elena F.,Cluj
159,2023-06-08,Gaming Mouse,Tablets,3706,3,10,10006.2,2587.93,John D.,Bucharest
160,2023-06-09,Gaming Mouse,Mobile,1239,3,5,3531.15,836.85,Maria T.,Cluj
161,2023-06-10,Laptop ASUS,Accessories,1139,3,5,3246.15,713.01,Vlad C.,Timisoara
162,2023-06-11,Portable Speaker,Mobile,1760,1,20,1408.0,177.34,Michael B.,Bucharest
163,2023-06-12,iPad Tablet,Electronics,3530,2,10,6354.0,689.86,Michael B.,Arad
164,2023-06-13,Portable Speaker,Accessories,1835,2,20,2936.0,525.46,Darius M.,Cluj
165,2023-06-14,Mechanical Keyboard,Electronics,1477,1,0,1477.0,202.75,Maria T.,Timisoara
166,2023-06-15,Gaming Mouse,Accessories,3239,1,20,2591.2,277.91,Michael B.,Galati
167,2023-06-16,Smartwatch,Monitors,1541,5,5,7319.75,2186.28,Christina N.,Cluj
168,2023-06-17,Portable Speaker,Electronics,2569,4,15,8734.6,978.04,Elena F.,Cluj
169,2023-06-18,Mechanical Keyboard,Mobile,2144,2,0,4288.0,922.85,Maria T.,Sibiu
170,2023-06-19,Wireless Headphones,Accessories,1651,2,5,3136.9,830.55,Darius M.,Brasov
171,2023-06-20,Gaming Mouse,Mobile,4306,5,15,18300.5,4760.3,Maria T.,Brasov
172,2023-06-21,LG Monitor,Audio,2400,3,10,6480.0,1760.65,Sonia R.,Cluj
173,2023-06-22,Smartwatch,Tablets,2777,4,20,8886.4,1182.07,Darius M.,Iasi
174,2023-06-23,Wireless Headphones,Accessories,1540,1,15,1309.0,224.18,Elena F.,Sibiu
175,2023-06-24,iPhone 14,Audio,4497,5,0,22485.0,3628.05,Christina N.,Bucharest
176,2023-06-25,iPad Tablet,Accessories,273,3,0,819.0,83.37,Elena F.,Oradea
177,2023-06-26,Wireless Headphones,Accessories,3249,1,20,2599.2,530.55,Anna L.,Brasov
178,2023-06-27,Laptop ASUS,Electronics,1743,1,15,1481.55,403.06,Christina N.,Cluj
179,2023-06-28,Portable Speaker,Accessories,2593,5,20,10372.0,2854.6,John D.,Sibiu
180,2023-06-29,Laptop ASUS,Electronics,3270,3,5,9319.5,1102.08,John D.,Arad
181,2023-06-30,Wireless Headphones,Tablets,3732,4,5,14181.6,2281.48,Michael B.,Brasov
182,2023-07-01,Portable Speaker,Electronics,3993,1,15,3394.05,920.96,Anna L.,Bucharest
183,2023-07-02,iPhone 14,Electronics,4783,5,15,20327.75,3927.05,Andrew P.,Iasi
184,2023-07-03,Wireless Headphones,Audio,4074,3,5,11610.9,2471.96,Maria T.,Oradea
185,2023-07-04,Portable Speaker,Audio,1325,2,0,2650.0,370.23,Sonia R.,Constanta
186,2023-07-05,LG Monitor,Electronics,1192,3,5,3397.2,764.71,Sonia R.,Bucharest
187,2023-07-06,Samsung TV,Electronics,1273,3,0,3819.0,445.61,Vlad C.,Bucharest
188,2023-07-07,Portable Speaker,Electronics,1223,4,0,4892.0,1246.88,Vlad C.,Brasov
189,2023-07-08,Portable Speaker,Mobile,2504,2,0,5008.0,792.13,Anna L.,Sibiu
190,2023-07-09,Gaming Mouse,Monitors,856,5,20,3424.0,360.93,Christina N.,Oradea
191,2023-07-10,Laptop ASUS,Accessories,1168,4,0,4672.0,1298.98,Sonia R.,Sibiu
192,2023-07-11,Laptop ASUS,Monitors,3794,4,20,12140.8,2305.48,Sonia R.,Oradea
193,2023-07-12,Portable Speaker,Accessories,4442,3,10,11993.4,2395.35,Vlad C.,Cluj
194,2023-07-13,Laptop ASUS,Accessories,3054,4,0,12216.0,3438.95,Michael B.,Iasi
195,2023-07-14,Wireless Headphones,Electronics,2573,3,5,7333.05,2133.64,Christina N.,Bucharest
196,2023-07-15,Smartwatch,Audio,4273,5,15,18160.25,4788.28,Maria T.,Galati
197,2023-07-16,Laptop ASUS,Accessories,4727,1,15,4017.95,624.11,Anna L.,Timisoara
198,2023-07-17,iPhone 14,Accessories,416,1,15,353.6,46.05,Michael B.,Cluj
199,2023-07-18,Mechanical Keyboard,Accessories,4454,5,20,17816.0,3337.75,Michael B.,Arad
200,2023-07-19,Portable Speaker,Accessories,2160,5,10,9720.0,1539.6,Sonia R.,Iasi
201,2023-07-20,iPad Tablet,Accessories,2612,4,0,10448.0,1598.67,Sonia R.,Timisoara
202,2023-07-21,iPad Tablet,Electronics,3015,4,5,11457.0,1419.8,Elena F.,Oradea
203,2023-07-22,iPhone 14,Accessories,3182,5,10,14319.0,4258.78,Vlad C.,Cluj
204,2023-07-23,Laptop ASUS,Monitors,4814,2,5,9146.6,1866.35,John D.,Sibiu
205,2023-07-24,LG Monitor,Audio,279,2,20,446.4,103.13,Anna L.,Galati
206,2023-07-25,Gaming Mouse,Audio,1732,2,10,3117.6,370.57,Andrew P.,Arad
207,2023-07-26,Wireless Headphones,Accessories,4940,3,10,13338.0,2799.25,John D.,Galati
208,2023-07-27,Gaming Mouse,Mobile,4008,4,5,15230.4,1939.82,Elena F.,Arad
209,2023-07-28,Wireless Headphones,Tablets,3719,1,0,3719.0,775.03,John D.,Constanta
210,2023-07-29,Gaming Mouse,Electronics,2955,1,0,2955.0,318.88,Darius M.,Cluj
211,2023-07-30,iPhone 14,Tablets,2472,4,0,9888.0,2161.57,Darius M.,Constanta
212,2023-07-31,iPad Tablet,Electronics,4584,2,10,8251.2,1470.18,Darius M.,Arad
213,2023-08-01,Mechanical Keyboard,Electronics,1590,1,0,1590.0,186.51,Sonia R.,Timisoara
214,2023-08-02,Samsung TV,Audio,4353,5,0,21765.0,2304.58,Vlad C.,Timisoara
215,2023-08-03,Mechanical Keyboard,Electronics,3253,3,15,8295.15,1688.7,Elena F.,Sibiu
216,2023-08-04,Wireless Headphones,Monitors,1897,1,0,1897.0,432.42,Christina N.,Timisoara
217,2023-08-05,Portable Speaker,Tablets,1954,3,20,4689.6,604.56,John D.,Sibiu
218,2023-08-06,Portable Speaker,Accessories,4104,1,0,4104.0,940.62,Maria T.,Oradea
219,2023-08-07,Smartwatch,Electronics,2329,3,20,5589.6,1140.99,Andrew P.,Sibiu
220,2023-08-08,Wireless Headphones,Electronics,3077,4,0,12308.0,3013.0,Darius M.,Constanta
221,2023-08-09,LG Monitor,Accessories,3711,1,5,3525.45,929.42,Christina N.,Arad
222,2023-08-10,Portable Speaker,Mobile,935,3,15,2384.25,621.14,Christina N.,Arad
223,2023-08-11,iPad Tablet,Mobile,4287,3,10,11574.9,2161.73,Darius M.,Arad
224,2023-08-12,Wireless Headphones,Accessories,3458,1,20,2766.4,585.85,Maria T.,Brasov
225,2023-08-13,Samsung TV,Monitors,1137,4,20,3638.4,575.75,John D.,Constanta
226,2023-08-14,iPhone 14,Electronics,2880,3,20,6912.0,1424.37,Vlad C.,Arad
227,2023-08-15,iPad Tablet,Tablets,3124,4,5,11871.2,2206.29,Sonia R.,Bucharest
228,2023-08-16,iPad Tablet,Electronics,2854,2,15,4851.8,503.71,Maria T.,Timisoara
229,2023-08-17,Wireless Headphones,Electronics,1942,3,15,4952.1,930.91,Andrew P.,Cluj
230,2023-08-18,Portable Speaker,Electronics,2301,3,5,6557.85,1070.72,Darius M.,Brasov
231,2023-08-19,Portable Speaker,Audio,2329,3,20,5589.6,1159.55,Sonia R.,Sibiu
232,2023-08-20,Mechanical Keyboard,Audio,3790,3,5,10801.5,3167.86,Vlad C.,Constanta
233,2023-08-21,Wireless Headphones,Accessories,1961,1,20,1568.8,307.94,Sonia R.,Timisoara
234,2023-08-22,Gaming Mouse,Electronics,2007,4,5,7626.6,1151.29,Michael B.,Galati
235,2023-08-23,iPhone 14,Mobile,335,4,5,1273.0,224.82,Darius M.,Cluj
236,2023-08-24,iPad Tablet,Mobile,235,5,5,1116.25,331.55,Sonia R.,Brasov
237,2023-08-25,Mechanical Keyboard,Tablets,4044,1,5,3841.8,522.8,Maria T.,Iasi
238,2023-08-26,Smartwatch,Monitors,3981,2,0,7962.0,1521.06,Anna L.,Cluj
239,2023-08-27,LG Monitor,Electronics,690,5,20,2760.0,501.15,John D.,Iasi
240,2023-08-28,Laptop ASUS,Monitors,4365,5,15,18551.25,2133.12,Anna L.,Galati
241,2023-08-29,Smartwatch,Accessories,4767,4,20,15254.4,3348.07,Maria T.,Constanta
242,2023-08-30,Laptop ASUS,Accessories,434,2,10,781.2,189.03,Anna L.,Arad
243,2023-08-31,LG Monitor,Audio,4977,5,10,22396.5,4425.71,Andrew P.,Cluj
244,2023-09-01,iPad Tablet,Tablets,1252,5,20,5008.0,773.59,John D.,Sibiu
245,2023-09-02,Mechanical Keyboard,Tablets,4935,3,5,14064.75,2977.26,Christina N.,Constanta
246,2023-09-03,iPad Tablet,Accessories,4742,4,20,15174.4,3815.42,Maria T.,Sibiu
247,2023-09-04,LG Monitor,Accessories,2775,5,5,13181.25,1736.25,Andrew P.,Cluj
248,2023-09-05,Gaming Mouse,Tablets,688,2,20,1100.8,323.37,Darius M.,Oradea
249,2023-09-06,Mechanical Keyboard,Accessories,2465,2,15,4190.5,1191.99,Darius M.,Cluj
250,2023-09-07,Wireless Headphones,Tablets,829,5,10,3730.5,780.26,Christina N.,Brasov
251,2023-09-08,LG Monitor,Electronics,2945,5,15,12516.25,2083.96,Andrew P.,Sibiu
252,2023-09-09,Smartwatch,Electronics,3984,4,5,15139.2,1709.06,John D.,Constanta
253,2023-09-10,Smartwatch,Mobile,4411,3,10,11909.7,3498.35,Christina N.,Oradea
254,2023-09-11,iPhone 14,Tablets,4576,1,5,4347.2,614.24,Vlad C.,Cluj
255,2023-09-12,Smartwatch,Electronics,2993,1,0,2993.0,879.49,Michael B.,Cluj
256,2023-09-13,Samsung TV,Monitors,4381,4,10,15771.6,3064.26,Andrew P.,Brasov
257,2023-09-14,Wireless Headphones,Audio,582,1,20,465.6,122.74,John D.,Timisoara
258,2023-09-15,Smartwatch,Tablets,1824,3,15,4651.2,724.97,Christina N.,Timisoara
259,2023-09-16,Samsung TV,Accessories,2592,2,10,4665.6,1295.1,Vlad C.,Bucharest
260,2023-09-17,iPad Tablet,Accessories,1474,1,10,1326.6,133.36,Vlad C.,Oradea
261,2023-09-18,Gaming Mouse,Electronics,1886,3,10,5092.2,1474.22,Andrew P.,Timisoara
262,2023-09-19,LG Monitor,Accessories,1596,5,0,7980.0,865.03,Vlad C.,Galati
263,2023-09-20,iPhone 14,Audio,2296,3,10,6199.2,1015.09,Michael B.,Timisoara
264,2023-09-21,Mechanical Keyboard,Mobile,4536,4,0,18144.0,5367.22,John D.,Oradea
265,2023-09-22,iPad Tablet,Accessories,2351,4,5,8933.8,2585.43,Maria T.,Galati
266,2023-09-23,Portable Speaker,Audio,2199,1,15,1869.15,227.94,Andrew P.,Brasov
267,2023-09-24,Wireless Headphones,Accessories,4843,2,15,8233.1,1168.88,Maria T.,Oradea
268,2023-09-25,Mechanical Keyboard,Accessories,4921,4,0,19684.0,4155.12,Sonia R.,Oradea
269,2023-09-26,Portable Speaker,Monitors,823,4,0,3292.0,780.72,Christina N.,Timisoara
270,2023-09-27,Gaming Mouse,Accessories,3353,2,0,6706.0,1746.46,Sonia R.,Oradea
271,2023-09-28,Samsung TV,Audio,1016,4,5,3860.8,925.36,Michael B.,Galati
272,2023-09-29,Laptop ASUS,Mobile,2494,5,15,10599.5,1868.58,Darius M.,Sibiu
273,2023-09-30,Wireless Headphones,Electronics,223,4,10,802.8,225.93,Sonia R.,Galati
274,2023-10-01,Laptop ASUS,Accessories,1880,5,0,9400.0,2762.5,Vlad C.,Iasi
275,2023-10-02,Laptop ASUS,Accessories,3109,3,5,8860.65,2128.83,Andrew P.,Oradea
276,2023-10-03,LG Monitor,Mobile,1938,2,10,3488.4,468.04,Christina N.,Oradea
277,2023-10-04,Wireless Headphones,Tablets,1397,3,20,3352.8,717.78,Maria T.,Constanta
278,2023-10-05,Mechanical Keyboard,Electronics,4459,2,15,7580.3,2191.56,Darius M.,Constanta
279,2023-10-06,Laptop ASUS,Accessories,3319,4,20,10620.8,1422.62,Christina N.,Oradea
280,2023-10-07,Mechanical Keyboard,Audio,607,2,0,1214.0,129.11,Anna L.,Cluj
281,2023-10-08,iPhone 14,Accessories,708,5,10,3186.0,934.34,Darius M.,Galati
282,2023-10-09,Gaming Mouse,Accessories,1776,1,5,1687.2,403.11,Sonia R.,Galati
283,2023-10-10,Smartwatch,Electronics,1779,5,10,8005.5,1657.8,Anna L.,Iasi
284,2023-10-11,Samsung TV,Accessories,2864,5,15,12172.0,2177.87,Christina N.,Iasi
285,2023-10-12,iPad Tablet,Electronics,1767,2,0,3534.0,362.05,Elena F.,Bucharest
286,2023-10-13,LG Monitor,Accessories,2537,1,15,2156.45,270.24,Darius M.,Bucharest
287,2023-10-14,Laptop ASUS,Accessories,4489,3,20,10773.6,2104.52,Andrew P.,Iasi
288,2023-10-15,Gaming Mouse,Electronics,2623,2,5,4983.7,998.31,Sonia R.,Arad
289,2023-10-16,Smartwatch,Tablets,1660,1,5,1577.0,401.16,Christina N.,Cluj
290,2023-10-17,Samsung TV,Tablets,2144,1,15,1822.4,274.61,Anna L.,Timisoara
291,2023-10-18,Smartwatch,Accessories,1889,2,10,3400.2,445.17,Michael B.,Oradea
292,2023-10-19,Laptop ASUS,Accessories,3353,4,0,13412.0,3658.36,Sonia R.,Bucharest
293,2023-10-20,Portable Speaker,Mobile,2517,3,5,7173.45,869.22,Michael B.,Galati
294,2023-10-21,LG Monitor,Tablets,4030,5,0,20150.0,4057.72,Andrew P.,Brasov
295,2023-10-22,Portable Speaker,Tablets,1777,1,5,1688.15,391.17,Andrew P.,Iasi
296,2023-10-23,Portable Speaker,Electronics,2326,5,10,10467.0,1288.61,Darius M.,Iasi
297,2023-10-24,Laptop ASUS,Electronics,4253,4,0,17012.0,2650.93,Sonia R.,Iasi
298,2023-10-25,iPad Tablet,Electronics,3740,4,15,12716.0,2052.19,Andrew P.,Constanta
299,2023-10-26,Mechanical Keyboard,Tablets,2109,2,10,3796.2,923.93,Maria T.,Brasov
300,2023-10-27,Samsung TV,Audio,692,4,10,2491.2,263.88,Elena F.,Sibiu
301,2023-10-28,Mechanical Keyboard,Accessories,1812,5,5,8607.0,1397.33,Anna L.,Galati
302,2023-10-29,Portable Speaker,Electronics,292,5,0,1460.0,201.36,Michael B.,Arad
303,2023-10-30,LG Monitor,Audio,1098,5,5,5215.5,1061.7,Maria T.,Sibiu
304,2023-10-31,Samsung TV,Accessories,2738,5,5,13005.5,2692.31,Christina N.,Oradea
305,2023-11-01,Samsung TV,Accessories,955,5,15,4058.75,840.53,Maria T.,Sibiu
306,2023-11-02,Smartwatch,Accessories,516,2,10,928.8,275.15,Sonia R.,Bucharest
307,2023-11-03,Laptop ASUS,Monitors,1012,4,10,3643.2,977.08,Christina N.,Oradea
308,2023-11-04,Portable Speaker,Audio,4465,3,0,13395.0,1462.9,Vlad C.,Bucharest
309,2023-11-05,LG Monitor,Electronics,3333,4,5,12665.4,2943.21,Maria T.,Iasi
310,2023-11-06,iPhone 14,Electronics,4272,2,15,7262.4,1715.11,Darius M.,Cluj
311,2023-11-07,Laptop ASUS,Audio,1798,5,15,7641.5,2236.25,Elena F.,Brasov
312,2023-11-08,LG Monitor,Accessories,856,1,15,727.6,157.12,Vlad C.,Timisoara
313,2023-11-09,Mechanical Keyboard,Accessories,1686,2,15,2866.2,552.01,Christina N.,Iasi
314,2023-11-10,Gaming Mouse,Accessories,2977,2,0,5954.0,1423.05,Maria T.,Bucharest
315,2023-11-11,Laptop ASUS,Accessories,322,5,15,1368.5,271.3,Michael B.,Arad
316,2023-11-12,Wireless Headphones,Electronics,4652,1,0,4652.0,1256.16,Michael B.,Cluj
317,2023-11-13,Laptop ASUS,Monitors,2387,2,0,4774.0,589.75,Darius M.,Sibiu
318,2023-11-14,Gaming Mouse,Accessories,4864,3,15,12403.2,3651.75,Vlad C.,Sibiu
319,2023-11-15,Samsung TV,Mobile,298,3,10,804.6,176.77,Maria T.,Timisoara
320,2023-11-16,LG Monitor,Tablets,559,3,5,1593.15,221.77,Darius M.,Constanta
321,2023-11-17,Mechanical Keyboard,Mobile,1827,3,0,5481.0,1573.69,Michael B.,Brasov
322,2023-11-18,Wireless Headphones,Electronics,2510,2,5,4769.0,650.08,John D.,Timisoara
323,2023-11-19,Portable Speaker,Accessories,2634,1,0,2634.0,447.28,Michael B.,Galati
324,2023-11-20,iPhone 14,Accessories,1945,4,10,7002.0,2089.26,Maria T.,Cluj
325,2023-11-21,Smartwatch,Accessories,1224,3,15,3121.2,906.52,Sonia R.,Bucharest
326,2023-11-22,Samsung TV,Accessories,3820,3,10,10314.0,2464.0,Sonia R.,Arad
327,2023-11-23,Gaming Mouse,Electronics,3709,3,20,8901.6,1301.21,Sonia R.,Iasi
328,2023-11-24,iPad Tablet,Accessories,1634,1,15,1388.9,224.43,Andrew P.,Constanta
329,2023-11-25,Wireless Headphones,Accessories,3428,3,20,8227.2,1693.12,Elena F.,Cluj
330,2023-11-26,Laptop ASUS,Audio,4522,1,0,4522.0,634.07,Elena F.,Brasov
331,2023-11-27,iPad Tablet,Monitors,4381,5,10,19714.5,3868.53,Darius M.,Brasov
332,2023-11-28,iPad Tablet,Monitors,3327,2,20,5323.2,1438.77,Elena F.,Timisoara
333,2023-11-29,Portable Speaker,Electronics,805,4,20,2576.0,696.85,Maria T.,Galati
334,2023-11-30,Wireless Headphones,Accessories,3132,1,5,2975.4,731.33,Sonia R.,Oradea
335,2023-12-01,Smartwatch,Audio,2724,1,15,2315.4,532.93,Sonia R.,Constanta
336,2023-12-02,Gaming Mouse,Audio,3452,1,20,2761.6,375.44,Michael B.,Timisoara
337,2023-12-03,Gaming Mouse,Accessories,2070,5,5,9832.5,2549.31,John D.,Bucharest
338,2023-12-04,Laptop ASUS,Accessories,268,3,20,643.2,133.77,Andrew P.,Oradea
339,2023-12-05,Gaming Mouse,Tablets,2675,1,20,2140.0,235.52,Sonia R.,Iasi
340,2023-12-06,LG Monitor,Electronics,4152,3,10,11210.4,1548.65,Maria T.,Bucharest
341,2023-12-07,Mechanical Keyboard,Accessories,4900,1,0,4900.0,592.5,Michael B.,Iasi
342,2023-12-08,Gaming Mouse,Accessories,3088,4,15,10499.2,2406.87,John D.,Oradea
343,2023-12-09,Portable Speaker,Electronics,3832,3,10,10346.4,2116.76,Sonia R.,Brasov
344,2023-12-10,LG Monitor,Electronics,1277,3,0,3831.0,415.63,Michael B.,Sibiu
345,2023-12-11,iPad Tablet,Monitors,3503,4,15,11910.2,1804.56,Elena F.,Cluj
346,2023-12-12,iPad Tablet,Accessories,512,5,5,2432.0,536.15,Vlad C.,Timisoara
347,2023-12-13,Smartwatch,Accessories,859,4,5,3264.2,724.31,Michael B.,Sibiu
348,2023-12-14,Portable Speaker,Audio,1126,1,5,1069.7,208.38,Michael B.,Bucharest
349,2023-12-15,Mechanical Keyboard,Electronics,757,3,10,2043.9,289.01,John D.,Cluj
350,2023-12-16,Laptop ASUS,Accessories,911,4,5,3461.8,498.06,Michael B.,Iasi
351,2023-12-17,Portable Speaker,Accessories,4803,5,10,21613.5,5891.81,Andrew P.,Iasi
352,2023-12-18,iPad Tablet,Mobile,4062,2,15,6905.4,701.16,Maria T.,Timisoara
353,2023-12-19,iPhone 14,Electronics,583,3,20,1399.2,391.4,Maria T.,Brasov
354,2023-12-20,Wireless Headphones,Audio,1626,1,10,1463.4,168.54,Anna L.,Arad
355,2023-12-21,Gaming Mouse,Accessories,3717,3,5,10593.45,1276.78,Vlad C.,Timisoara
356,2023-12-22,Gaming Mouse,Electronics,3504,3,15,8935.2,2176.9,Vlad C.,Iasi
357,2023-12-23,Wireless Headphones,Accessories,1886,2,5,3583.4,453.08,Elena F.,Galati
358,2023-12-24,Wireless Headphones,Accessories,377,2,5,716.3,84.36,Darius M.,Iasi
359,2023-12-25,Samsung TV,Audio,769,1,10,692.1,146.56,Elena F.,Oradea
360,2023-12-26,Samsung TV,Mobile,2841,4,0,11364.0,1476.03,John D.,Brasov
361,2023-12-27,iPad Tablet,Accessories,1125,3,10,3037.5,336.8,Elena F.,Constanta
362,2023-12-28,Laptop ASUS,Tablets,4286,2,0,8572.0,2519.07,Andrew P.,Iasi
363,2023-12-29,iPhone 14,Accessories,2880,1,5,2736.0,278.87,Christina N.,Arad
364,2023-12-30,LG Monitor,Accessories,2818,2,0,5636.0,1356.54,Maria T.,Timisoara
365,2023-12-31,Samsung TV,Accessories,907,4,10,3265.2,805.36,Maria T.,Brasov
366,2024-01-01,iPhone 14,Accessories,2088,3,0,6264.0,1094.71,Michael B.,Galati
367,2024-01-02,iPad Tablet,Electronics,3745,2,15,6366.5,646.34,Anna L.,Sibiu
368,2024-01-03,Laptop ASUS,Electronics,4943,2,0,9886.0,2422.41,Sonia R.,Timisoara
369,2024-01-04,Samsung TV,Accessories,2510,1,20,2008.0,493.45,Michael B.,Iasi
370,2024-01-05,Mechanical Keyboard,Audio,3429,5,5,16287.75,2323.73,John D.,Sibiu
371,2024-01-06,iPhone 14,Accessories,1104,3,0,3312.0,800.99,Sonia R.,Arad
372,2024-01-07,iPhone 14,Electronics,3928,4,5,14926.4,1696.6,Elena F.,Galati
373,2024-01-08,Samsung TV,Accessories,3512,4,15,11940.8,2805.44,Vlad C.,Sibiu
374,2024-01-09,Laptop ASUS,Mobile,966,3,5,2753.1,668.26,Michael B.,Constanta
375,2024-01-10,iPhone 14,Accessories,4107,3,10,11088.9,1340.85,Darius M.,Brasov
376,2024-01-11,iPad Tablet,Electronics,2348,1,0,2348.0,280.44,Vlad C.,Brasov
377,2024-01-12,Samsung TV,Accessories,4469,5,15,18993.25,5096.93,Elena F.,Sibiu
378,2024-01-13,Mechanical Keyboard,Electronics,537,3,15,1369.35,198.36,Christina N.,Iasi
379,2024-01-14,Smartwatch,Accessories,1068,1,15,907.8,266.65,Michael B.,Constanta
380,2024-01-15,Smartwatch,Tablets,3229,5,5,15337.75,3538.25,Anna L.,Brasov
381,2024-01-16,Samsung TV,Accessories,3262,2,5,6197.8,1114.46,Anna L.,Arad
382,2024-01-17,iPad Tablet,Mobile,2582,3,5,7358.7,2098.12,John D.,Arad
383,2024-01-18,iPad Tablet,Accessories,3841,3,15,9794.55,1507.23,Sonia R.,Constanta
384,2024-01-19,Samsung TV,Accessories,2538,3,20,6091.2,1666.84,Sonia R.,Constanta
385,2024-01-20,iPad Tablet,Accessories,4836,5,0,24180.0,2571.91,Darius M.,Arad
386,2024-01-21,Samsung TV,Accessories,1120,2,5,2128.0,537.1,Elena F.,Timisoara
387,2024-01-22,iPad Tablet,Mobile,1218,5,0,6090.0,1120.84,Darius M.,Brasov
388,2024-01-23,Portable Speaker,Accessories,4099,3,0,12297.0,1769.68,Elena F.,Constanta
389,2024-01-24,Portable Speaker,Tablets,3515,4,5,13357.0,2375.6,Vlad C.,Timisoara
390,2024-01-25,Gaming Mouse,Audio,3546,3,20,8510.4,1186.04,Elena F.,Oradea
391,2024-01-26,Laptop ASUS,Mobile,2538,4,10,9136.8,1963.47,Maria T.,Oradea
392,2024-01-27,Wireless Headphones,Accessories,615,1,10,553.5,147.1,Darius M.,Sibiu
393,2024-01-28,Smartwatch,Accessories,1640,3,15,4182.0,957.79,Elena F.,Cluj
394,2024-01-29,iPad Tablet,Accessories,2027,2,15,3445.9,511.74,Andrew P.,Constanta
395,2024-01-30,Samsung TV,Accessories,2100,3,0,6300.0,1440.89,Elena F.,Bucharest
396,2024-01-31,Smartwatch,Accessories,1377,1,20,1101.6,242.09,Christina N.,Sibiu
397,2024-02-01,Wireless Headphones,Electronics,4680,3,20,11232.0,2642.11,Maria T.,Sibiu
398,2024-02-02,Gaming Mouse,Electronics,1910,1,0,1910.0,370.82,Andrew P.,Timisoara
399,2024-02-03,Laptop ASUS,Accessories,1459,2,15,2480.3,476.27,Christina N.,Brasov
400,2024-02-04,Mechanical Keyboard,Electronics,200,4,5,760.0,184.27,Michael B.,Brasov
401,2024-02-05,Samsung TV,Electronics,4376,3,5,12471.6,3438.34,Darius M.,Iasi
402,2024-02-06,Smartwatch,Accessories,4954,1,5,4706.3,637.2,Christina N.,Timisoara
403,2024-02-07,iPhone 14,Accessories,823,2,15,1399.1,224.3,Vlad C.,Constanta
404,2024-02-08,Portable Speaker,Electronics,3680,2,5,6992.0,1546.0,Anna L.,Oradea
405,2024-02-09,Wireless Headphones,Electronics,3370,1,20,2696.0,446.68,John D.,Sibiu
406,2024-02-10,Samsung TV,Electronics,829,4,20,2652.8,424.47,Andrew P.,Constanta
407,2024-02-11,Gaming Mouse,Electronics,3091,3,5,8809.35,2497.67,Andrew P.,Galati
408,2024-02-12,Wireless Headphones,Accessories,225,4,10,810.0,199.18,Christina N.,Cluj
409,2024-02-13,Laptop ASUS,Audio,4056,3,0,12168.0,1987.09,Anna L.,Constanta
410,2024-02-14,Portable Speaker,Audio,3223,2,15,5479.1,1205.46,Michael B.,Constanta
411,2024-02-15,Smartwatch,Electronics,2494,4,5,9477.2,2021.62,Elena F.,Brasov
412,2024-02-16,Wireless Headphones,Accessories,4522,3,5,12887.7,2942.17,Anna L.,Iasi
413,2024-02-17,Portable Speaker,Mobile,951,1,15,808.35,185.74,Maria T.,Brasov
414,2024-02-18,iPhone 14,Electronics,4192,1,15,3563.2,614.01,John D.,Galati
415,2024-02-19,Gaming Mouse,Audio,4523,4,0,18092.0,5017.36,Christina N.,Arad
416,2024-02-20,iPhone 14,Audio,1851,4,0,7404.0,1300.31,Michael B.,Cluj
417,2024-02-21,iPad Tablet,Accessories,3226,4,15,10968.4,1792.75,John D.,Iasi
418,2024-02-22,Wireless Headphones,Electronics,1331,1,0,1331.0,306.88,Maria T.,Timisoara
419,2024-02-23,Gaming Mouse,Tablets,3693,2,10,6647.4,724.63,Andrew P.,Iasi
420,2024-02-24,Laptop ASUS,Electronics,2187,2,15,3717.9,995.09,Christina N.,Sibiu
421,2024-02-25,LG Monitor,Tablets,4645,4,20,14864.0,2501.33,Christina N.,Cluj
422,2024-02-26,Mechanical Keyboard,Accessories,348,5,10,1566.0,208.94,Anna L.,Galati
423,2024-02-27,LG Monitor,Accessories,931,5,10,4189.5,886.4,Maria T.,Brasov
424,2024-02-28,LG Monitor,Accessories,3449,2,10,6208.2,683.92,Maria T.,Iasi
425,2024-02-29,LG Monitor,Audio,2276,5,0,11380.0,1265.28,Maria T.,Constanta
426,2024-03-01,Samsung TV,Electronics,678,4,10,2440.8,667.46,Maria T.,Sibiu
427,2024-03-02,Laptop ASUS,Tablets,1763,5,5,8374.25,1841.28,Maria T.,Galati
428,2024-03-03,Wireless Headphones,Accessories,3813,4,0,15252.0,2652.05,Maria T.,Galati
429,2024-03-04,Mechanical Keyboard,Audio,2096,3,5,5973.6,1409.82,Sonia R.,Arad
430,2024-03-05,Samsung TV,Audio,954,1,15,810.9,220.91,Vlad C.,Iasi
431,2024-03-06,Wireless Headphones,Tablets,2470,4,15,8398.0,1889.74,Vlad C.,Constanta
432,2024-03-07,iPad Tablet,Accessories,4209,1,20,3367.2,608.97,Andrew P.,Sibiu
433,2024-03-08,Smartwatch,Audio,848,4,5,3222.4,840.76,Maria T.,Cluj
434,2024-03-09,LG Monitor,Electronics,4098,2,0,8196.0,1180.58,Sonia R.,Timisoara
435,2024-03-10,iPhone 14,Monitors,3220,3,0,9660.0,1012.87,Maria T.,Sibiu
436,2024-03-11,LG Monitor,Accessories,3434,4,15,11675.6,3264.99,John D.,Arad
437,2024-03-12,Mechanical Keyboard,Audio,2023,5,0,10115.0,2660.09,Vlad C.,Arad
438,2024-03-13,Gaming Mouse,Accessories,1802,3,5,5135.7,794.09,Michael B.,Sibiu
439,2024-03-14,Portable Speaker,Electronics,3207,1,10,2886.3,622.33,John D.,Oradea
440,2024-03-15,Portable Speaker,Accessories,3010,3,15,7675.5,1737.15,Elena F.,Sibiu
441,2024-03-16,Laptop ASUS,Accessories,4420,5,5,20995.0,5640.84,John D.,Oradea
442,2024-03-17,Portable Speaker,Mobile,2062,3,10,5567.4,1301.59,Vlad C.,Bucharest
443,2024-03-18,Wireless Headphones,Electronics,2580,3,10,6966.0,1321.36,Sonia R.,Arad
444,2024-03-19,Gaming Mouse,Audio,4209,5,20,16836.0,2734.97,Darius M.,Iasi
445,2024-03-20,Smartwatch,Tablets,4309,5,10,19390.5,3371.03,Sonia R.,Sibiu
446,2024-03-21,iPad Tablet,Electronics,701,2,5,1331.9,289.48,Elena F.,Timisoara
447,2024-03-22,Mechanical Keyboard,Electronics,2521,1,15,2142.85,554.45,Andrew P.,Oradea
448,2024-03-23,Portable Speaker,Accessories,3744,1,5,3556.8,482.96,Elena F.,Constanta
449,2024-03-24,iPad Tablet,Accessories,2784,1,0,2784.0,578.05,Elena F.,Sibiu
450,2024-03-25,Samsung TV,Electronics,2667,1,5,2533.65,608.66,Christina N.,Iasi
451,2024-03-26,Gaming Mouse,Audio,3913,3,10,10565.1,1589.12,John D.,Oradea
452,2024-03-27,iPhone 14,Monitors,3760,3,0,11280.0,2348.08,Anna L.,Constanta
453,2024-03-28,Gaming Mouse,Accessories,444,1,15,377.4,86.99,Andrew P.,Galati
454,2024-03-29,Gaming Mouse,Accessories,4132,5,20,16528.0,2914.1,Elena F.,Arad
455,2024-03-30,iPhone 14,Audio,1091,1,5,1036.45,279.27,Sonia R.,Timisoara
456,2024-03-31,Samsung TV,Accessories,4952,4,20,15846.4,2333.65,Darius M.,Brasov
457,2024-04-01,Gaming Mouse,Tablets,1790,1,20,1432.0,249.06,Christina N.,Sibiu
458,2024-04-02,Samsung TV,Electronics,1271,1,10,1143.9,337.93,Anna L.,Brasov
459,2024-04-03,Smartwatch,Electronics,3319,2,0,6638.0,1260.82,Elena F.,Brasov
460,2024-04-04,Wireless Headphones,Audio,532,2,15,904.4,210.97,Sonia R.,Iasi
461,2024-04-05,Mechanical Keyboard,Mobile,1053,4,10,3790.8,642.87,Andrew P.,Sibiu
462,2024-04-06,Wireless Headphones,Mobile,3596,1,5,3416.2,755.06,Sonia R.,Arad
463,2024-04-07,iPhone 14,Electronics,3398,2,20,5436.8,1319.06,Michael B.,Oradea
464,2024-04-08,iPad Tablet,Accessories,1210,3,0,3630.0,441.53,Sonia R.,Timisoara
465,2024-04-09,Laptop ASUS,Accessories,4368,3,20,10483.2,2135.05,Christina N.,Timisoara
466,2024-04-10,Laptop ASUS,Monitors,2472,5,0,12360.0,2883.39,Michael B.,Sibiu
467,2024-04-11,Portable Speaker,Monitors,979,2,5,1860.1,344.51,Andrew P.,Oradea
468,2024-04-12,iPad Tablet,Accessories,1546,1,0,1546.0,309.05,Elena F.,Cluj
469,2024-04-13,Laptop ASUS,Electronics,4612,1,15,3920.2,710.34,John D.,Iasi
470,2024-04-14,iPad Tablet,Tablets,3610,1,20,2888.0,499.04,Maria T.,Arad
471,2024-04-15,Wireless Headphones,Electronics,1822,5,5,8654.5,1114.89,Darius M.,Constanta
472,2024-04-16,Portable Speaker,Audio,1833,3,20,4399.2,591.97,Vlad C.,Constanta
473,2024-04-17,Portable Speaker,Accessories,4939,5,10,22225.5,6219.4,Darius M.,Iasi
474,2024-04-18,Smartwatch,Mobile,2073,2,20,3316.8,788.06,Maria T.,Arad
475,2024-04-19,Mechanical Keyboard,Accessories,4461,5,5,21189.75,6237.61,Elena F.,Constanta
476,2024-04-20,Samsung TV,Accessories,759,5,5,3605.25,876.27,Elena F.,Oradea
477,2024-04-21,Portable Speaker,Accessories,4816,3,15,12280.8,3303.97,Andrew P.,Arad
478,2024-04-22,Laptop ASUS,Electronics,475,2,15,807.5,110.94,Darius M.,Bucharest
479,2024-04-23,Wireless Headphones,Tablets,2119,1,20,1695.2,215.43,Darius M.,Sibiu
480,2024-04-24,iPad Tablet,Accessories,2720,4,20,8704.0,2231.91,Anna L.,Arad
481,2024-04-25,iPhone 14,Electronics,946,3,15,2412.3,519.49,Darius M.,Sibiu
482,2024-04-26,Gaming Mouse,Accessories,3722,4,0,14888.0,1694.72,Anna L.,Iasi
483,2024-04-27,Portable Speaker,Electronics,3721,1,0,3721.0,707.32,Maria T.,Timisoara
484,2024-04-28,LG Monitor,Monitors,4352,1,20,3481.6,350.21,Anna L.,Oradea
485,2024-04-29,LG Monitor,Accessories,1780,1,15,1513.0,421.11,Anna L.,Bucharest
486,2024-04-30,Portable Speaker,Accessories,2386,2,20,3817.6,965.32,Vlad C.,Arad
487,2024-05-01,Wireless Headphones,Accessories,4529,2,15,7699.3,1944.52,Christina N.,Oradea
488,2024-05-02,Mechanical Keyboard,Accessories,401,3,15,1022.55,136.72,Sonia R.,Oradea
489,2024-05-03,iPad Tablet,Electronics,683,4,20,2185.6,503.31,Anna L.,Brasov
490,2024-05-04,Gaming Mouse,Audio,2181,3,10,5888.7,717.17,Vlad C.,Sibiu
491,2024-05-05,Gaming Mouse,Accessories,1683,3,15,4291.65,818.83,Vlad C.,Sibiu
492,2024-05-06,Samsung TV,Electronics,2779,1,15,2362.15,705.54,Vlad C.,Iasi
493,2024-05-07,Mechanical Keyboard,Mobile,1555,3,20,3732.0,742.44,Maria T.,Constanta
494,2024-05-08,Laptop ASUS,Accessories,1685,4,15,5729.0,706.61,Andrew P.,Sibiu
495,2024-05-09,Wireless Headphones,Electronics,4664,1,10,4197.6,1218.79,Andrew P.,Arad
496,2024-05-10,LG Monitor,Accessories,503,5,0,2515.0,307.4,Vlad C.,Constanta
497,2024-05-11,Samsung TV,Monitors,2564,4,10,9230.4,1846.53,Maria T.,Timisoara
498,2024-05-12,iPad Tablet,Accessories,4910,5,0,24550.0,5151.2,Anna L.,Sibiu
499,2024-05-13,iPad Tablet,Electronics,3554,2,20,5686.4,766.2,Michael B.,Arad
500,2024-05-14,Mechanical Keyboard,Electronics,3729,3,20,8949.6,1558.44,Vlad C.,Constanta
501,2024-05-15,Samsung TV,Monitors,4193,3,20,10063.2,2510.62,Anna L.,Sibiu
502,2024-05-16,Wireless Headphones,Electronics,1648,4,0,6592.0,1713.34,Michael B.,Oradea
503,2024-05-17,Smartwatch,Monitors,3350,5,20,13400.0,3023.44,Anna L.,Cluj
504,2024-05-18,Smartwatch,Monitors,2824,2,15,4800.8,1237.29,Sonia R.,Arad
505,2024-05-19,Wireless Headphones,Accessories,2620,1,20,2096.0,227.63,Michael B.,Galati
506,2024-05-20,Portable Speaker,Electronics,2671,5,10,12019.5,1228.71,Anna L.,Cluj
507,2024-05-21,Portable Speaker,Monitors,4663,2,15,7927.1,2250.05,Andrew P.,Brasov
508,2024-05-22,Samsung TV,Accessories,2271,2,20,3633.6,792.62,Michael B.,Brasov
509,2024-05-23,Wireless Headphones,Accessories,343,2,0,686.0,174.04,Vlad C.,Timisoara
510,2024-05-24,iPad Tablet,Audio,1550,2,0,3100.0,420.72,Anna L.,Bucharest
511,2024-05-25,Gaming Mouse,Electronics,734,2,15,1247.8,142.4,Darius M.,Galati
512,2024-05-26,iPad Tablet,Accessories,3506,5,0,17530.0,3927.46,Anna L.,Bucharest
513,2024-05-27,Mechanical Keyboard,Accessories,2073,3,0,6219.0,1355.93,John D.,Sibiu
514,2024-05-28,Samsung TV,Monitors,753,5,0,3765.0,433.75,Maria T.,Constanta
515,2024-05-29,Mechanical Keyboard,Electronics,4508,1,20,3606.4,529.04,Anna L.,Iasi
516,2024-05-30,Laptop ASUS,Electronics,4694,2,0,9388.0,2312.1,Maria T.,Iasi
517,2024-05-31,Portable Speaker,Electronics,2458,2,20,3932.8,992.18,Maria T.,Oradea
518,2024-06-01,Mechanical Keyboard,Accessories,398,4,20,1273.6,148.95,Andrew P.,Sibiu
519,2024-06-02,Samsung TV,Accessories,3608,3,10,9741.6,1150.02,Darius M.,Oradea
520,2024-06-03,iPhone 14,Accessories,3826,4,10,13773.6,3085.56,Anna L.,Cluj
521,2024-06-04,Mechanical Keyboard,Accessories,571,1,20,456.8,78.86,Michael B.,Sibiu
522,2024-06-05,Samsung TV,Accessories,2983,4,0,11932.0,1994.51,Vlad C.,Brasov
523,2024-06-06,Gaming Mouse,Audio,4342,1,10,3907.8,645.11,John D.,Timisoara
524,2024-06-07,Wireless Headphones,Mobile,4580,1,15,3893.0,817.16,Maria T.,Timisoara
525,2024-06-08,iPad Tablet,Monitors,1052,5,0,5260.0,869.87,Elena F.,Brasov
526,2024-06-09,Smartwatch,Accessories,4304,1,10,3873.6,968.31,Anna L.,Cluj
527,2024-06-10,Wireless Headphones,Accessories,4760,1,20,3808.0,484.79,Andrew P.,Cluj
528,2024-06-11,iPhone 14,Tablets,4916,1,20,3932.8,587.93,Andrew P.,Bucharest
529,2024-06-12,Portable Speaker,Accessories,1285,3,20,3084.0,844.31,Vlad C.,Iasi
530,2024-06-13,LG Monitor,Accessories,3769,1,0,3769.0,750.82,Vlad C.,Brasov
531,2024-06-14,LG Monitor,Audio,1689,5,0,8445.0,1358.65,Andrew P.,Galati
532,2024-06-15,Gaming Mouse,Electronics,2754,3,0,8262.0,1552.79,Maria T.,Galati
533,2024-06-16,LG Monitor,Accessories,4390,2,20,7024.0,783.86,Christina N.,Constanta
534,2024-06-17,Laptop ASUS,Electronics,4805,2,0,9610.0,2370.37,Maria T.,Sibiu
535,2024-06-18,LG Monitor,Audio,3240,1,20,2592.0,721.4,Sonia R.,Timisoara
536,2024-06-19,Mechanical Keyboard,Accessories,1934,5,0,9670.0,1938.24,Michael B.,Cluj
537,2024-06-20,LG Monitor,Tablets,3704,5,15,15742.0,2769.43,John D.,Galati
538,2024-06-21,LG Monitor,Accessories,3290,3,15,8389.5,2083.01,Vlad C.,Iasi
539,2024-06-22,LG Monitor,Monitors,201,2,0,402.0,95.65,Sonia R.,Cluj
540,2024-06-23,Portable Speaker,Accessories,3188,4,15,10839.2,3041.43,Sonia R.,Bucharest
541,2024-06-24,Samsung TV,Mobile,4485,3,5,12782.25,2918.63,Christina N.,Bucharest
542,2024-06-25,Smartwatch,Audio,2507,1,5,2381.65,668.3,Darius M.,Arad
543,2024-06-26,iPhone 14,Monitors,1181,5,10,5314.5,1307.39,Elena F.,Iasi
544,2024-06-27,Samsung TV,Mobile,1511,3,0,4533.0,576.07,Sonia R.,Constanta
545,2024-06-28,Laptop ASUS,Tablets,4814,2,0,9628.0,1663.31,Michael B.,Sibiu
546,2024-06-29,Mechanical Keyboard,Audio,2359,4,0,9436.0,1798.93,Maria T.,Constanta
547,2024-06-30,Portable Speaker,Accessories,1158,3,5,3300.3,947.1,Anna L.,Brasov
548,2024-07-01,iPad Tablet,Accessories,636,1,20,508.8,50.91,Elena F.,Constanta
549,2024-07-02,Portable Speaker,Accessories,4549,1,5,4321.55,869.12,Vlad C.,Oradea
550,2024-07-03,iPhone 14,Electronics,1289,5,0,6445.0,1255.44,Sonia R.,Cluj
551,2024-07-04,LG Monitor,Accessories,1697,3,0,5091.0,1225.72,John D.,Brasov
552,2024-07-05,Smartwatch,Accessories,4948,4,0,19792.0,5065.29,Michael B.,Iasi
553,2024-07-06,Samsung TV,Accessories,4947,3,20,11872.8,2834.75,Elena F.,Galati
554,2024-07-07,Mechanical Keyboard,Monitors,676,1,15,574.6,66.75,Vlad C.,Cluj
555,2024-07-08,Mechanical Keyboard,Tablets,1083,3,0,3249.0,590.51,Sonia R.,Sibiu
556,2024-07-09,Portable Speaker,Electronics,2608,3,0,7824.0,1132.31,Christina N.,Constanta
557,2024-07-10,Smartwatch,Tablets,3654,5,20,14616.0,3421.0,Maria T.,Sibiu
558,2024-07-11,Wireless Headphones,Electronics,4055,5,15,17233.75,2862.53,Elena F.,Cluj
559,2024-07-12,LG Monitor,Accessories,3126,3,20,7502.4,1841.86,Michael B.,Cluj
560,2024-07-13,LG Monitor,Accessories,965,2,0,1930.0,365.81,Elena F.,Timisoara
561,2024-07-14,LG Monitor,Accessories,569,5,0,2845.0,703.96,Elena F.,Galati
562,2024-07-15,Laptop ASUS,Audio,2939,1,15,2498.15,556.41,Michael B.,Arad
563,2024-07-16,Samsung TV,Electronics,4334,1,10,3900.6,648.04,Andrew P.,Galati
564,2024-07-17,iPhone 14,Accessories,2050,1,5,1947.5,280.42,Vlad C.,Iasi
565,2024-07-18,iPad Tablet,Electronics,952,4,20,3046.4,344.43,Christina N.,Brasov
566,2024-07-19,Samsung TV,Accessories,3988,4,5,15154.4,2995.42,Sonia R.,Galati
567,2024-07-20,Smartwatch,Accessories,3040,5,20,12160.0,1279.96,Vlad C.,Timisoara
568,2024-07-21,Portable Speaker,Accessories,4028,3,0,12084.0,1808.16,Anna L.,Brasov
569,2024-07-22,Mechanical Keyboard,Accessories,3263,3,20,7831.2,1623.93,Elena F.,Brasov
570,2024-07-23,Samsung TV,Electronics,4083,1,5,3878.85,1038.48,Darius M.,Bucharest
571,2024-07-24,iPad Tablet,Accessories,958,5,15,4071.5,939.28,Maria T.,Timisoara
572,2024-07-25,LG Monitor,Monitors,4162,1,0,4162.0,559.68,Sonia R.,Iasi
573,2024-07-26,iPhone 14,Audio,3313,1,20,2650.4,287.49,Anna L.,Cluj
574,2024-07-27,LG Monitor,Accessories,4924,2,5,9355.6,1372.72,Vlad C.,Bucharest
575,2024-07-28,Portable Speaker,Accessories,2599,3,5,7407.15,1556.6,Darius M.,Cluj
576,2024-07-29,Laptop ASUS,Monitors,874,5,20,3496.0,677.37,Anna L.,Oradea
577,2024-07-30,Gaming Mouse,Accessories,1722,1,5,1635.9,268.31,Andrew P.,Arad
578,2024-07-31,Wireless Headphones,Accessories,3573,1,0,3573.0,537.99,Andrew P.,Bucharest
579,2024-08-01,Mechanical Keyboard,Tablets,1994,5,0,9970.0,2753.28,Andrew P.,Arad
580,2024-08-02,iPad Tablet,Audio,4711,3,5,13426.35,2395.96,Elena F.,Oradea
581,2024-08-03,Portable Speaker,Accessories,3604,4,0,14416.0,2875.51,Andrew P.,Constanta
582,2024-08-04,Samsung TV,Electronics,4175,2,20,6680.0,1729.55,Christina N.,Arad
583,2024-08-05,Mechanical Keyboard,Audio,571,1,5,542.45,114.9,Sonia R.,Cluj
584,2024-08-06,Mechanical Keyboard,Tablets,1032,3,15,2631.6,676.63,Sonia R.,Constanta
585,2024-08-07,Mechanical Keyboard,Mobile,4230,1,5,4018.5,1057.72,Anna L.,Timisoara
586,2024-08-08,Wireless Headphones,Accessories,1802,5,10,8109.0,1076.66,Sonia R.,Arad
587,2024-08-09,iPad Tablet,Monitors,270,3,0,810.0,142.81,Elena F.,Iasi
588,2024-08-10,Laptop ASUS,Accessories,323,2,0,646.0,149.59,Anna L.,Sibiu
589,2024-08-11,Wireless Headphones,Accessories,3565,3,0,10695.0,1946.85,John D.,Oradea
590,2024-08-12,LG Monitor,Tablets,4569,1,5,4340.55,1261.67,Christina N.,Timisoara
591,2024-08-13,Wireless Headphones,Accessories,3965,1,20,3172.0,874.36,Andrew P.,Constanta
592,2024-08-14,Wireless Headphones,Tablets,4805,2,5,9129.5,2217.05,Christina N.,Bucharest
593,2024-08-15,Mechanical Keyboard,Electronics,3359,2,0,6718.0,857.22,John D.,Sibiu
594,2024-08-16,Mechanical Keyboard,Electronics,490,3,20,1176.0,201.87,John D.,Cluj
595,2024-08-17,Gaming Mouse,Electronics,889,4,20,2844.8,612.32,John D.,Arad
596,2024-08-18,Portable Speaker,Mobile,1876,2,0,3752.0,624.22,Michael B.,Arad
597,2024-08-19,Samsung TV,Accessories,452,2,0,904.0,160.46,Maria T.,Bucharest
598,2024-08-20,Wireless Headphones,Accessories,1018,2,0,2036.0,397.57,Andrew P.,Galati
599,2024-08-21,iPhone 14,Electronics,3079,1,5,2925.05,489.05,Sonia R.,Sibiu
600,2024-08-22,Gaming Mouse,Accessories,4270,1,0,4270.0,572.37,Michael B.,Galati
601,2024-08-23,Smartwatch,Monitors,2906,5,20,11624.0,2525.27,Darius M.,Iasi
602,2024-08-24,Portable Speaker,Electronics,1370,5,5,6507.5,1272.71,Michael B.,Oradea
603,2024-08-25,Portable Speaker,Mobile,757,3,20,1816.8,418.78,Maria T.,Galati
604,2024-08-26,Smartwatch,Audio,599,1,0,599.0,75.44,Darius M.,Arad
605,2024-08-27,Wireless Headphones,Monitors,1941,2,5,3687.9,841.19,Darius M.,Oradea
606,2024-08-28,Samsung TV,Accessories,3788,4,5,14394.4,3761.71,Sonia R.,Galati
607,2024-08-29,iPhone 14,Accessories,4530,1,5,4303.5,559.2,Michael B.,Iasi
608,2024-08-30,Gaming Mouse,Accessories,1079,4,10,3884.4,840.24,Darius M.,Brasov
609,2024-08-31,Mechanical Keyboard,Tablets,3574,1,0,3574.0,382.32,Elena F.,Bucharest
610,2024-09-01,Laptop ASUS,Mobile,1158,3,10,3126.6,375.44,Anna L.,Cluj
611,2024-09-02,Samsung TV,Mobile,870,1,10,783.0,224.92,Darius M.,Brasov
612,2024-09-03,iPhone 14,Electronics,1548,1,10,1393.2,222.97,Maria T.,Arad
613,2024-09-04,Mechanical Keyboard,Accessories,4363,2,15,7417.1,2025.46,Maria T.,Iasi
614,2024-09-05,Wireless Headphones,Accessories,1451,1,15,1233.35,160.24,Sonia R.,Sibiu
615,2024-09-06,iPad Tablet,Electronics,4748,3,15,12107.4,2279.92,Christina N.,Cluj
616,2024-09-07,LG Monitor,Electronics,2448,5,5,11628.0,1773.37,Elena F.,Timisoara
617,2024-09-08,LG Monitor,Electronics,4171,3,20,10010.4,2925.88,John D.,Constanta
618,2024-09-09,Samsung TV,Audio,1344,4,5,5107.2,1035.29,Elena F.,Brasov
619,2024-09-10,Mechanical Keyboard,Electronics,2729,2,15,4639.3,1063.62,Elena F.,Oradea
620,2024-09-11,Mechanical Keyboard,Accessories,4826,3,20,11582.4,1255.23,Christina N.,Galati
621,2024-09-12,Mechanical Keyboard,Accessories,557,5,5,2645.75,466.54,John D.,Brasov
622,2024-09-13,Portable Speaker,Accessories,3769,4,0,15076.0,1965.47,Christina N.,Iasi
623,2024-09-14,Smartwatch,Audio,1475,1,10,1327.5,359.24,Michael B.,Oradea
624,2024-09-15,Gaming Mouse,Electronics,281,2,10,505.8,141.54,Christina N.,Arad
625,2024-09-16,Gaming Mouse,Accessories,1277,5,20,5108.0,695.83,Elena F.,Timisoara
626,2024-09-17,Gaming Mouse,Accessories,760,1,20,608.0,146.32,Michael B.,Constanta
627,2024-09-18,Gaming Mouse,Accessories,3818,2,15,6490.6,1703.01,Vlad C.,Sibiu
628,2024-09-19,Laptop ASUS,Accessories,312,5,0,1560.0,448.86,Elena F.,Cluj
629,2024-09-20,LG Monitor,Electronics,1541,3,10,4160.7,559.12,Anna L.,Sibiu
630,2024-09-21,LG Monitor,Mobile,3109,3,5,8860.65,1068.13,Christina N.,Bucharest
631,2024-09-22,Portable Speaker,Tablets,2088,3,5,5950.8,757.04,Sonia R.,Bucharest
632,2024-09-23,Gaming Mouse,Accessories,3010,3,15,7675.5,910.09,Anna L.,Brasov
633,2024-09-24,LG Monitor,Accessories,4325,4,20,13840.0,2872.9,Sonia R.,Arad
634,2024-09-25,iPad Tablet,Monitors,440,2,10,792.0,231.75,Darius M.,Arad
635,2024-09-26,Wireless Headphones,Accessories,4330,5,15,18402.5,4722.53,Sonia R.,Brasov
636,2024-09-27,iPad Tablet,Tablets,4026,4,20,12883.2,2435.38,Elena F.,Constanta
637,2024-09-28,LG Monitor,Monitors,453,1,15,385.05,83.48,Elena F.,Galati
638,2024-09-29,Gaming Mouse,Accessories,1701,2,5,3231.9,952.56,Maria T.,Bucharest
639,2024-09-30,Wireless Headphones,Monitors,2882,3,5,8213.7,2448.91,Elena F.,Cluj
640,2024-10-01,Gaming Mouse,Accessories,2425,4,10,8730.0,2195.16,Andrew P.,Galati
641,2024-10-02,Samsung TV,Mobile,2946,2,5,5597.4,1050.46,Sonia R.,Sibiu
642,2024-10-03,Smartwatch,Tablets,2170,1,0,2170.0,564.06,Anna L.,Iasi
643,2024-10-04,iPhone 14,Accessories,2710,5,10,12195.0,1470.1,Maria T.,Oradea
644,2024-10-05,iPhone 14,Monitors,4605,2,20,7368.0,1963.98,Sonia R.,Timisoara
645,2024-10-06,Gaming Mouse,Electronics,2194,1,15,1864.9,346.68,Andrew P.,Arad
646,2024-10-07,Portable Speaker,Accessories,2327,3,0,6981.0,1521.97,Michael B.,Timisoara
647,2024-10-08,Smartwatch,Tablets,1310,5,0,6550.0,1073.95,Christina N.,Galati
648,2024-10-09,iPhone 14,Tablets,3158,4,20,10105.6,1429.17,Sonia R.,Brasov
649,2024-10-10,iPad Tablet,Electronics,3360,1,5,3192.0,536.2,Sonia R.,Arad
650,2024-10-11,iPad Tablet,Electronics,346,1,5,328.7,45.05,Andrew P.,Timisoara
651,2024-10-12,Gaming Mouse,Accessories,564,1,5,535.8,143.44,Anna L.,Sibiu
652,2024-10-13,Gaming Mouse,Audio,4086,5,10,18387.0,4390.41,Vlad C.,Cluj
653,2024-10-14,Samsung TV,Accessories,2012,1,15,1710.2,470.35,Anna L.,Brasov
654,2024-10-15,Wireless Headphones,Audio,3144,3,15,8017.2,1394.31,Darius M.,Cluj
655,2024-10-16,Mechanical Keyboard,Monitors,4095,5,5,19451.25,2373.52,Darius M.,Sibiu
656,2024-10-17,Samsung TV,Accessories,1327,3,0,3981.0,900.09,Christina N.,Cluj
657,2024-10-18,Smartwatch,Accessories,3273,3,10,8837.1,2228.85,Anna L.,Bucharest
658,2024-10-19,Wireless Headphones,Tablets,3598,3,15,9174.9,1934.03,Sonia R.,Timisoara
659,2024-10-20,Smartwatch,Electronics,400,5,0,2000.0,242.9,Elena F.,Timisoara
660,2024-10-21,iPhone 14,Monitors,1582,3,15,4034.1,597.89,Michael B.,Sibiu
661,2024-10-22,iPad Tablet,Accessories,1190,5,20,4760.0,577.43,John D.,Arad
662,2024-10-23,Wireless Headphones,Electronics,2876,2,10,5176.8,1199.36,Christina N.,Galati
663,2024-10-24,Portable Speaker,Accessories,2862,2,5,5437.8,1594.81,Sonia R.,Arad
664,2024-10-25,iPhone 14,Accessories,2887,1,0,2887.0,557.52,Anna L.,Oradea
665,2024-10-26,iPhone 14,Tablets,3075,5,20,12300.0,2764.11,Anna L.,Bucharest
666,2024-10-27,Portable Speaker,Accessories,4044,2,0,8088.0,1488.46,Sonia R.,Arad
667,2024-10-28,Smartwatch,Accessories,4298,4,20,13753.6,1726.6,Elena F.,Constanta
668,2024-10-29,Gaming Mouse,Electronics,3226,5,0,16130.0,3457.89,Anna L.,Brasov
669,2024-10-30,Portable Speaker,Electronics,515,4,20,1648.0,411.07,Michael B.,Iasi
670,2024-10-31,Portable Speaker,Accessories,4414,5,0,22070.0,2284.4,Vlad C.,Sibiu
671,2024-11-01,Portable Speaker,Accessories,685,1,15,582.25,129.43,Vlad C.,Sibiu
672,2024-11-02,Smartwatch,Electronics,1720,2,10,3096.0,783.5,Sonia R.,Cluj
673,2024-11-03,Mechanical Keyboard,Monitors,4145,4,20,13264.0,3917.37,Anna L.,Bucharest
674,2024-11-04,iPad Tablet,Mobile,2437,4,20,7798.4,2194.59,John D.,Constanta
675,2024-11-05,Laptop ASUS,Electronics,2805,4,0,11220.0,3092.93,Elena F.,Constanta
676,2024-11-06,Samsung TV,Tablets,3041,4,20,9731.2,992.38,Anna L.,Iasi
677,2024-11-07,Wireless Headphones,Accessories,2000,4,15,6800.0,1491.54,Maria T.,Bucharest
678,2024-11-08,Mechanical Keyboard,Accessories,3879,2,0,7758.0,1375.43,Maria T.,Arad
679,2024-11-09,Wireless Headphones,Tablets,4591,4,15,15609.4,2579.05,Christina N.,Cluj
680,2024-11-10,Smartwatch,Electronics,3724,3,5,10613.4,2956.92,Vlad C.,Brasov
681,2024-11-11,LG Monitor,Electronics,1136,2,20,1817.6,214.57,Michael B.,Cluj
682,2024-11-12,Samsung TV,Monitors,3350,4,10,12060.0,3058.27,Maria T.,Galati
683,2024-11-13,iPad Tablet,Accessories,3308,2,10,5954.4,1109.08,Anna L.,Constanta
684,2024-11-14,Samsung TV,Accessories,1996,3,0,5988.0,1236.87,Sonia R.,Galati
685,2024-11-15,Samsung TV,Accessories,3372,3,0,10116.0,1967.19,Maria T.,Sibiu
686,2024-11-16,Smartwatch,Monitors,1039,1,10,935.1,104.96,Christina N.,Arad
687,2024-11-17,Smartwatch,Accessories,252,4,10,907.2,125.92,Anna L.,Sibiu
688,2024-11-18,Portable Speaker,Audio,4651,2,15,7906.7,846.38,Michael B.,Timisoara
689,2024-11-19,Gaming Mouse,Electronics,818,5,10,3681.0,996.29,Christina N.,Arad
690,2024-11-20,LG Monitor,Electronics,2289,1,15,1945.65,480.88,Sonia R.,Iasi
691,2024-11-21,iPad Tablet,Tablets,4268,5,0,21340.0,2995.81,Andrew P.,Sibiu
692,2024-11-22,Smartwatch,Accessories,3394,3,5,9672.9,2869.11,Michael B.,Iasi
693,2024-11-23,Laptop ASUS,Accessories,3761,1,0,3761.0,1036.05,Sonia R.,Galati
694,2024-11-24,Gaming Mouse,Monitors,4563,5,15,19392.75,5805.7,Sonia R.,Bucharest
695,2024-11-25,Laptop ASUS,Accessories,1359,4,0,5436.0,915.28,Elena F.,Arad
696,2024-11-26,Portable Speaker,Accessories,2394,4,5,9097.2,1733.48,Elena F.,Brasov
697,2024-11-27,iPhone 14,Tablets,3334,3,20,8001.6,1333.21,John D.,Arad
698,2024-11-28,Portable Speaker,Accessories,1999,4,15,6796.6,680.7,Andrew P.,Bucharest
699,2024-11-29,Gaming Mouse,Electronics,2962,3,10,7997.4,1203.77,Anna L.,Cluj
700,2024-11-30,Smartwatch,Monitors,4610,2,5,8759.0,1956.55,Christina N.,Galati
701,2024-12-01,Wireless Headphones,Electronics,2753,1,20,2202.4,432.08,John D.,Arad
702,2024-12-02,Portable Speaker,Audio,2058,2,0,4116.0,1091.23,Sonia R.,Cluj
703,2024-12-03,Samsung TV,Audio,997,3,5,2841.45,673.75,Michael B.,Bucharest
704,2024-12-04,Smartwatch,Accessories,337,4,10,1213.2,181.64,Michael B.,Timisoara
705,2024-12-05,LG Monitor,Accessories,3982,5,20,15928.0,2847.87,Christina N.,Constanta
706,2024-12-06,iPad Tablet,Electronics,2469,1,20,1975.2,568.33,Maria T.,Timisoara
707,2024-12-07,LG Monitor,Audio,1326,5,10,5967.0,1034.01,Andrew P.,Timisoara
708,2024-12-08,iPad Tablet,Accessories,4733,2,0,9466.0,1344.65,Maria T.,Bucharest
709,2024-12-09,Samsung TV,Electronics,211,5,10,949.5,157.85,Christina N.,Iasi
710,2024-12-10,Samsung TV,Electronics,1138,5,15,4836.5,643.38,Elena F.,Arad
711,2024-12-11,Portable Speaker,Tablets,887,1,15,753.95,222.66,Christina N.,Bucharest
712,2024-12-12,Mechanical Keyboard,Electronics,3140,1,5,2983.0,827.67,Anna L.,Galati
713,2024-12-13,Laptop ASUS,Audio,3847,2,0,7694.0,1445.17,Christina N.,Brasov
714,2024-12-14,iPhone 14,Accessories,4456,2,10,8020.8,964.46,Elena F.,Bucharest
715,2024-12-15,Smartwatch,Accessories,4973,2,15,8454.1,1633.09,Sonia R.,Oradea
716,2024-12-16,Smartwatch,Electronics,3315,2,20,5304.0,991.4,Michael B.,Iasi
717,2024-12-17,LG Monitor,Accessories,948,2,0,1896.0,488.11,Christina N.,Bucharest
718,2024-12-18,Smartwatch,Accessories,2711,3,20,6506.4,1427.38,Darius M.,Cluj
719,2024-12-19,iPhone 14,Accessories,2576,4,20,8243.2,1378.47,John D.,Timisoara
720,2024-12-20,Portable Speaker,Accessories,3101,1,10,2790.9,624.22,Christina N.,Galati
721,2024-12-21,Mechanical Keyboard,Accessories,2182,3,20,5236.8,658.54,Andrew P.,Iasi
722,2024-12-22,iPad Tablet,Mobile,3838,1,5,3646.1,637.84,Andrew P.,Brasov
723,2024-12-23,Samsung TV,Electronics,3271,5,5,15537.25,4216.39,Christina N.,Arad
724,2024-12-24,Mechanical Keyboard,Electronics,2669,2,0,5338.0,994.24,Andrew P.,Brasov
725,2024-12-25,Mechanical Keyboard,Mobile,858,1,10,772.2,122.83,Vlad C.,Sibiu
726,2024-12-26,iPhone 14,Accessories,1183,5,5,5619.25,1492.88,Maria T.,Arad
727,2024-12-27,Laptop ASUS,Accessories,472,3,5,1345.2,399.4,Maria T.,Constanta
728,2024-12-28,Mechanical Keyboard,Tablets,4276,5,15,18173.0,2150.2,John D.,Constanta
729,2024-12-29,LG Monitor,Monitors,459,5,20,1836.0,250.1,Michael B.,Arad
730,2024-12-30,iPad Tablet,Tablets,4215,3,10,11380.5,2545.09,Vlad C.,Oradea
731,2024-12-31,LG Monitor,Audio,832,5,0,4160.0,613.76,Andrew P.,Constanta
732,2025-01-01,Laptop ASUS,Electronics,4207,4,20,13462.4,3705.65,Anna L.,Bucharest
733,2025-01-02,LG Monitor,Monitors,4556,5,5,21641.0,5210.72,Maria T.,Cluj
734,2025-01-03,Gaming Mouse,Accessories,4172,4,0,16688.0,3372.03,Michael B.,Iasi
735,2025-01-04,Samsung TV,Electronics,2837,2,15,4822.9,616.52,Michael B.,Timisoara
736,2025-01-05,LG Monitor,Accessories,1476,5,10,6642.0,1220.13,Andrew P.,Oradea
737,2025-01-06,iPad Tablet,Monitors,3777,5,0,18885.0,2925.45,John D.,Bucharest
738,2025-01-07,Mechanical Keyboard,Monitors,3957,2,0,7914.0,862.02,Elena F.,Iasi
739,2025-01-08,Laptop ASUS,Accessories,2584,3,15,6589.2,782.24,Sonia R.,Bucharest
740,2025-01-09,Wireless Headphones,Accessories,4973,4,5,18897.4,3403.85,Elena F.,Oradea
741,2025-01-10,Smartwatch,Mobile,1364,1,10,1227.6,342.0,Vlad C.,Arad
742,2025-01-11,Laptop ASUS,Mobile,4108,3,20,9859.2,1087.0,Elena F.,Brasov
743,2025-01-12,iPhone 14,Electronics,2637,3,10,7119.9,1110.58,Christina N.,Oradea
744,2025-01-13,LG Monitor,Audio,3340,2,15,5678.0,1671.64,Anna L.,Arad
745,2025-01-14,Smartwatch,Mobile,2847,3,5,8113.95,1507.37,Andrew P.,Bucharest
746,2025-01-15,Wireless Headphones,Monitors,4810,4,5,18278.0,2253.78,Anna L.,Sibiu
747,2025-01-16,Laptop ASUS,Accessories,4791,2,5,9102.9,2607.22,Elena F.,Arad
748,2025-01-17,LG Monitor,Mobile,3001,5,0,15005.0,3950.19,Vlad C.,Cluj
749,2025-01-18,iPhone 14,Accessories,1316,1,0,1316.0,288.35,Vlad C.,Arad
750,2025-01-19,Gaming Mouse,Accessories,1884,4,10,6782.4,1051.97,Maria T.,Cluj
751,2025-01-20,Samsung TV,Electronics,1950,4,5,7410.0,980.36,Elena F.,Sibiu
752,2025-01-21,iPhone 14,Accessories,4276,3,15,10903.8,1922.49,Andrew P.,Sibiu
753,2025-01-22,LG Monitor,Monitors,3145,5,20,12580.0,3282.77,Michael B.,Cluj
754,2025-01-23,Mechanical Keyboard,Accessories,4321,2,15,7345.7,1223.92,Maria T.,Brasov
755,2025-01-24,Gaming Mouse,Accessories,4647,1,5,4414.65,1235.01,Vlad C.,Arad
756,2025-01-25,Portable Speaker,Monitors,1381,5,15,5869.25,910.87,Michael B.,Cluj
757,2025-01-26,Portable Speaker,Accessories,4873,2,10,8771.4,1361.91,Anna L.,Sibiu
758,2025-01-27,Laptop ASUS,Mobile,926,5,5,4398.5,1164.05,Maria T.,Constanta
759,2025-01-28,iPhone 14,Monitors,3721,4,0,14884.0,4233.94,Sonia R.,Cluj
760,2025-01-29,Laptop ASUS,Electronics,2472,3,15,6303.6,1395.69,Elena F.,Bucharest
761,2025-01-30,iPad Tablet,Electronics,357,3,20,856.8,122.63,Christina N.,Bucharest
762,2025-01-31,Wireless Headphones,Accessories,728,1,20,582.4,86.17,Michael B.,Iasi
763,2025-02-01,Smartwatch,Accessories,3387,3,10,9144.9,1434.6,Michael B.,Arad
764,2025-02-02,Portable Speaker,Accessories,1629,3,10,4398.3,886.7,Anna L.,Oradea
765,2025-02-03,Portable Speaker,Accessories,1825,4,20,5840.0,636.91,Sonia R.,Sibiu
766,2025-02-04,iPad Tablet,Tablets,645,5,5,3063.75,330.21,Christina N.,Arad
767,2025-02-05,Smartwatch,Electronics,1426,5,15,6060.5,932.86,Darius M.,Sibiu
768,2025-02-06,LG Monitor,Accessories,1168,3,15,2978.4,453.08,Sonia R.,Brasov
769,2025-02-07,Gaming Mouse,Accessories,3141,3,20,7538.4,1177.85,John D.,Oradea
770,2025-02-08,Smartwatch,Electronics,3468,5,15,14739.0,2638.95,Vlad C.,Iasi
771,2025-02-09,iPad Tablet,Audio,4420,1,10,3978.0,534.19,Sonia R.,Sibiu
772,2025-02-10,Laptop ASUS,Audio,4491,4,15,15269.4,3902.95,Christina N.,Brasov
773,2025-02-11,Gaming Mouse,Electronics,271,3,20,650.4,85.15,Michael B.,Arad
774,2025-02-12,Smartwatch,Electronics,1703,2,5,3235.7,565.1,Elena F.,Cluj
775,2025-02-13,LG Monitor,Accessories,2742,1,15,2330.7,252.57,Maria T.,Oradea
776,2025-02-14,LG Monitor,Monitors,4228,3,10,11415.6,1438.75,Vlad C.,Constanta
777,2025-02-15,Portable Speaker,Accessories,4031,2,15,6852.7,892.84,Vlad C.,Cluj
778,2025-02-16,Samsung TV,Tablets,2887,1,5,2742.65,808.93,Darius M.,Oradea
779,2025-02-17,iPad Tablet,Electronics,4365,4,20,13968.0,3751.75,Elena F.,Timisoara
780,2025-02-18,Samsung TV,Accessories,3221,5,5,15299.75,4102.14,Maria T.,Oradea
781,2025-02-19,Samsung TV,Accessories,1296,5,10,5832.0,1532.73,Andrew P.,Constanta
782,2025-02-20,Samsung TV,Mobile,3636,4,0,14544.0,4050.5,Maria T.,Timisoara
783,2025-02-21,Wireless Headphones,Accessories,1408,5,15,5984.0,1484.32,Christina N.,Arad
784,2025-02-22,Mechanical Keyboard,Electronics,4928,4,15,16755.2,2647.2,John D.,Sibiu
785,2025-02-23,Portable Speaker,Electronics,4351,1,10,3915.9,792.11,Andrew P.,Galati
786,2025-02-24,Gaming Mouse,Accessories,1390,4,0,5560.0,1219.87,Darius M.,Bucharest
787,2025-02-25,Mechanical Keyboard,Monitors,2209,2,5,4197.1,853.78,Michael B.,Constanta
788,2025-02-26,Samsung TV,Audio,1321,2,15,2245.7,414.79,Andrew P.,Constanta
789,2025-02-27,Wireless Headphones,Electronics,4091,1,10,3681.9,679.49,Darius M.,Constanta
790,2025-02-28,Portable Speaker,Tablets,4132,2,0,8264.0,2343.71,Elena F.,Sibiu
791,2025-03-01,Laptop ASUS,Accessories,899,4,20,2876.8,787.04,Michael B.,Bucharest
792,2025-03-02,Mechanical Keyboard,Accessories,987,4,5,3750.6,900.64,Anna L.,Arad
793,2025-03-03,Wireless Headphones,Tablets,636,5,0,3180.0,346.28,Maria T.,Iasi
794,2025-03-04,Mechanical Keyboard,Audio,4931,2,20,7889.6,2023.58,Michael B.,Arad
795,2025-03-05,LG Monitor,Accessories,4013,1,10,3611.7,627.13,Maria T.,Timisoara
796,2025-03-06,Laptop ASUS,Accessories,1742,3,0,5226.0,1228.68,Vlad C.,Brasov
797,2025-03-07,Wireless Headphones,Accessories,4408,1,15,3746.8,937.99,Anna L.,Iasi
798,2025-03-08,Mechanical Keyboard,Accessories,1682,4,20,5382.4,1030.93,Sonia R.,Cluj
799,2025-03-09,LG Monitor,Audio,4344,3,10,11728.8,1674.34,Christina N.,Galati
800,2025-03-10,Portable Speaker,Electronics,488,2,10,878.4,241.52,Vlad C.,Iasi
801,2025-03-11,Laptop ASUS,Audio,4761,4,20,15235.2,3894.46,Elena F.,Brasov
802,2025-03-12,Wireless Headphones,Electronics,4241,2,0,8482.0,2415.73,Darius M.,Timisoara
803,2025-03-13,LG Monitor,Accessories,1000,1,10,900.0,153.91,Maria T.,Iasi
804,2025-03-14,iPad Tablet,Mobile,1517,1,5,1441.15,213.4,Christina N.,Galati
805,2025-03-15,Samsung TV,Accessories,3648,3,10,9849.6,1284.1,Sonia R.,Oradea
806,2025-03-16,Gaming Mouse,Tablets,4952,3,15,12627.6,2489.23,Maria T.,Cluj
807,2025-03-17,Wireless Headphones,Audio,4963,3,5,14144.55,3022.68,Michael B.,Iasi
808,2025-03-18,Wireless Headphones,Monitors,3362,2,10,6051.6,1713.89,Anna L.,Brasov
809,2025-03-19,Laptop ASUS,Audio,3500,3,15,8925.0,955.95,Sonia R.,Oradea
810,2025-03-20,LG Monitor,Accessories,1775,2,10,3195.0,747.07,Michael B.,Iasi
811,2025-03-21,Laptop ASUS,Accessories,2739,2,0,5478.0,955.28,Andrew P.,Sibiu
812,2025-03-22,Gaming Mouse,Accessories,2253,4,20,7209.6,1129.98,John D.,Arad
813,2025-03-23,Wireless Headphones,Accessories,1055,3,20,2532.0,734.73,Anna L.,Cluj
814,2025-03-24,iPhone 14,Monitors,2041,1,0,2041.0,391.97,Christina N.,Galati
815,2025-03-25,Smartwatch,Accessories,4794,5,15,20374.5,5093.66,Michael B.,Cluj
816,2025-03-26,Samsung TV,Accessories,3868,5,20,15472.0,2867.5,Sonia R.,Iasi
817,2025-03-27,iPhone 14,Monitors,4296,2,15,7303.2,1859.68,Vlad C.,Constanta
818,2025-03-28,Gaming Mouse,Accessories,2876,2,10,5176.8,712.93,Sonia R.,Constanta
819,2025-03-29,Samsung TV,Accessories,2046,1,10,1841.4,307.64,Michael B.,Constanta
820,2025-03-30,Mechanical Keyboard,Accessories,3911,3,10,10559.7,1291.36,Elena F.,Iasi
821,2025-03-31,Portable Speaker,Accessories,4853,1,15,4125.05,989.24,Vlad C.,Cluj
822,2025-04-01,Mechanical Keyboard,Accessories,1744,3,0,5232.0,741.68,Elena F.,Cluj
823,2025-04-02,Smartwatch,Monitors,1597,3,10,4311.9,1214.46,Andrew P.,Bucharest
824,2025-04-03,Wireless Headphones,Mobile,2796,3,20,6710.4,1049.32,Sonia R.,Sibiu
825,2025-04-04,iPad Tablet,Accessories,2138,4,20,6841.6,1359.62,Vlad C.,Arad
826,2025-04-05,Samsung TV,Mobile,4578,4,5,17396.4,3214.53,John D.,Iasi
827,2025-04-06,Gaming Mouse,Tablets,555,5,20,2220.0,267.01,Anna L.,Cluj
828,2025-04-07,Wireless Headphones,Mobile,4613,2,0,9226.0,2643.22,Sonia R.,Timisoara
829,2025-04-08,iPad Tablet,Monitors,2575,2,0,5150.0,1452.42,Maria T.,Iasi
830,2025-04-09,iPhone 14,Audio,2422,4,10,8719.2,1462.21,Maria T.,Galati
831,2025-04-10,Portable Speaker,Accessories,4319,1,0,4319.0,484.89,Anna L.,Brasov
832,2025-04-11,Portable Speaker,Tablets,3304,1,15,2808.4,828.26,Sonia R.,Cluj
833,2025-04-12,Portable Speaker,Mobile,4332,3,10,11696.4,2947.72,Darius M.,Timisoara
834,2025-04-13,Smartwatch,Accessories,3158,3,15,8052.9,1710.56,John D.,Iasi
835,2025-04-14,Laptop ASUS,Accessories,4535,1,5,4308.25,693.85,John D.,Cluj
836,2025-04-15,iPad Tablet,Audio,4255,1,15,3616.75,905.81,Darius M.,Arad
837,2025-04-16,Portable Speaker,Monitors,935,2,15,1589.5,376.52,Christina N.,Arad
838,2025-04-17,Wireless Headphones,Tablets,1848,3,20,4435.2,1148.38,Vlad C.,Arad
839,2025-04-18,Samsung TV,Tablets,4586,3,20,11006.4,3140.77,Sonia R.,Brasov
840,2025-04-19,Wireless Headphones,Accessories,4505,5,0,22525.0,3574.31,Vlad C.,Oradea
841,2025-04-20,iPad Tablet,Tablets,1810,4,10,6516.0,1881.32,John D.,Oradea
842,2025-04-21,Mechanical Keyboard,Accessories,2758,1,15,2344.3,317.98,Sonia R.,Iasi
843,2025-04-22,LG Monitor,Tablets,210,3,15,535.5,58.62,Darius M.,Timisoara
844,2025-04-23,iPad Tablet,Accessories,2829,2,15,4809.3,1415.28,Maria T.,Iasi
845,2025-04-24,Gaming Mouse,Audio,3939,1,15,3348.15,378.63,Christina N.,Bucharest
846,2025-04-25,Gaming Mouse,Electronics,337,4,5,1280.6,288.91,Sonia R.,Iasi
847,2025-04-26,LG Monitor,Audio,1107,1,10,996.3,194.0,Christina N.,Sibiu
848,2025-04-27,iPhone 14,Accessories,4475,1,10,4027.5,873.4,Anna L.,Iasi
849,2025-04-28,LG Monitor,Accessories,1454,2,15,2471.8,418.15,Elena F.,Arad
850,2025-04-29,Smartwatch,Accessories,4231,5,10,19039.5,2760.52,Maria T.,Iasi
851,2025-04-30,Samsung TV,Accessories,1329,3,15,3388.95,844.84,Andrew P.,Cluj
852,2025-05-01,Smartwatch,Mobile,4370,2,10,7866.0,1056.26,Michael B.,Timisoara
853,2025-05-02,Portable Speaker,Accessories,4432,1,0,4432.0,852.72,Sonia R.,Galati
854,2025-05-03,LG Monitor,Accessories,3481,3,15,8876.55,2604.97,Michael B.,Cluj
855,2025-05-04,Portable Speaker,Accessories,4762,2,20,7619.2,1254.91,Elena F.,Arad
856,2025-05-05,Laptop ASUS,Accessories,3226,5,20,12904.0,1495.11,Sonia R.,Brasov
857,2025-05-06,Laptop ASUS,Accessories,1892,5,20,7568.0,811.84,Darius M.,Oradea
858,2025-05-07,Gaming Mouse,Electronics,1179,1,15,1002.15,239.78,Michael B.,Galati
859,2025-05-08,iPad Tablet,Electronics,4670,1,10,4203.0,689.81,Maria T.,Cluj
860,2025-05-09,LG Monitor,Electronics,3247,2,20,5195.2,1249.87,Sonia R.,Brasov
861,2025-05-10,Mechanical Keyboard,Mobile,3907,3,20,9376.8,2197.17,Elena F.,Oradea
862,2025-05-11,Wireless Headphones,Electronics,4645,4,20,14864.0,4126.32,Sonia R.,Arad
863,2025-05-12,Mechanical Keyboard,Monitors,342,5,10,1539.0,431.46,Christina N.,Galati
864,2025-05-13,Gaming Mouse,Mobile,719,1,20,575.2,80.57,Michael B.,Galati
865,2025-05-14,Gaming Mouse,Accessories,3622,5,15,15393.5,2858.5,Maria T.,Iasi
866,2025-05-15,LG Monitor,Electronics,2447,5,20,9788.0,2181.02,Darius M.,Timisoara
867,2025-05-16,Mechanical Keyboard,Tablets,2856,2,10,5140.8,911.62,Maria T.,Galati
868,2025-05-17,iPhone 14,Monitors,1082,2,0,2164.0,462.71,John D.,Timisoara
869,2025-05-18,iPhone 14,Accessories,2839,5,15,12065.75,1748.21,Michael B.,Arad
870,2025-05-19,Wireless Headphones,Tablets,3389,4,15,11522.6,1684.02,Michael B.,Timisoara
871,2025-05-20,iPad Tablet,Accessories,378,1,20,302.4,38.31,Christina N.,Galati
872,2025-05-21,Gaming Mouse,Tablets,1872,5,20,7488.0,978.38,Michael B.,Bucharest
873,2025-05-22,Mechanical Keyboard,Accessories,2811,2,15,4778.7,782.81,Maria T.,Oradea
874,2025-05-23,Samsung TV,Accessories,4634,1,20,3707.2,899.53,Maria T.,Timisoara
875,2025-05-24,Wireless Headphones,Accessories,2450,2,5,4655.0,599.73,John D.,Constanta
876,2025-05-25,Laptop ASUS,Accessories,4230,5,0,21150.0,5182.77,Michael B.,Brasov
877,2025-05-26,iPad Tablet,Electronics,387,5,10,1741.5,444.22,Darius M.,Iasi
878,2025-05-27,Samsung TV,Electronics,1989,2,5,3779.1,915.14,Darius M.,Constanta
879,2025-05-28,Portable Speaker,Electronics,2022,5,10,9099.0,2664.58,Darius M.,Timisoara
880,2025-05-29,Wireless Headphones,Accessories,1818,3,0,5454.0,1586.28,Elena F.,Cluj
881,2025-05-30,Laptop ASUS,Electronics,2042,3,15,5207.1,855.96,John D.,Cluj
882,2025-05-31,Smartwatch,Accessories,3425,3,15,8733.75,2387.59,Anna L.,Bucharest
883,2025-06-01,Samsung TV,Accessories,4312,1,15,3665.2,391.44,Andrew P.,Cluj
884,2025-06-02,Mechanical Keyboard,Monitors,344,1,20,275.2,49.24,Anna L.,Galati
885,2025-06-03,iPhone 14,Audio,3370,3,0,10110.0,2212.08,Maria T.,Iasi
886,2025-06-04,Mechanical Keyboard,Accessories,2195,5,20,8780.0,1103.86,Vlad C.,Oradea
887,2025-06-05,Samsung TV,Audio,3549,1,5,3371.55,907.56,Sonia R.,Arad
888,2025-06-06,Samsung TV,Electronics,2169,5,0,10845.0,2024.53,Sonia R.,Constanta
889,2025-06-07,Smartwatch,Tablets,4669,3,5,13306.65,2797.04,Michael B.,Bucharest
890,2025-06-08,Gaming Mouse,Monitors,1518,2,20,2428.8,287.4,Darius M.,Iasi
891,2025-06-09,iPad Tablet,Electronics,417,3,0,1251.0,252.4,Anna L.,Brasov
892,2025-06-10,Laptop ASUS,Audio,3664,5,10,16488.0,2967.79,Andrew P.,Sibiu
893,2025-06-11,iPhone 14,Electronics,3923,2,10,7061.4,1876.97,Andrew P.,Galati
894,2025-06-12,Laptop ASUS,Mobile,3153,2,10,5675.4,783.25,Sonia R.,Constanta
895,2025-06-13,Smartwatch,Audio,2749,2,5,5223.1,1274.41,Darius M.,Sibiu
896,2025-06-14,Samsung TV,Accessories,1374,3,20,3297.6,676.06,Michael B.,Timisoara
897,2025-06-15,Samsung TV,Tablets,2748,2,20,4396.8,1233.67,John D.,Sibiu
898,2025-06-16,LG Monitor,Accessories,339,1,15,288.15,35.48,Maria T.,Galati
899,2025-06-17,Samsung TV,Accessories,4714,3,20,11313.6,1604.94,Vlad C.,Cluj
900,2025-06-18,LG Monitor,Accessories,2163,4,15,7354.2,917.17,Vlad C.,Bucharest
901,2025-06-19,Laptop ASUS,Audio,4372,3,10,11804.4,2582.48,Sonia R.,Iasi
902,2025-06-20,Portable Speaker,Accessories,2863,1,0,2863.0,467.79,John D.,Brasov
903,2025-06-21,Wireless Headphones,Accessories,4816,5,5,22876.0,3665.54,John D.,Oradea
904,2025-06-22,Wireless Headphones,Accessories,2659,2,0,5318.0,1545.05,Christina N.,Cluj
905,2025-06-23,Smartwatch,Accessories,210,3,20,504.0,67.29,Anna L.,Cluj
906,2025-06-24,Mechanical Keyboard,Mobile,2410,4,0,9640.0,990.13,Christina N.,Timisoara
907,2025-06-25,iPad Tablet,Accessories,3120,4,20,9984.0,2730.8,Maria T.,Bucharest
908,2025-06-26,iPad Tablet,Accessories,1255,4,5,4769.0,1103.98,Anna L.,Brasov
909,2025-06-27,Laptop ASUS,Tablets,928,3,15,2366.4,500.94,Elena F.,Iasi
910,2025-06-28,iPad Tablet,Mobile,2112,3,20,5068.8,1031.77,Vlad C.,Constanta
911,2025-06-29,Wireless Headphones,Accessories,4723,4,10,17002.8,3916.31,Andrew P.,Oradea
912,2025-06-30,iPad Tablet,Accessories,4691,4,20,15011.2,3156.81,Andrew P.,Brasov
913,2025-07-01,Wireless Headphones,Monitors,1891,2,20,3025.6,620.12,Darius M.,Cluj
914,2025-07-02,Gaming Mouse,Accessories,3976,5,5,18886.0,4922.72,Elena F.,Cluj
915,2025-07-03,Gaming Mouse,Mobile,2521,3,10,6806.7,858.51,John D.,Bucharest
916,2025-07-04,iPhone 14,Accessories,1142,4,5,4339.6,499.27,Anna L.,Galati
917,2025-07-05,Wireless Headphones,Mobile,1410,3,15,3595.5,912.39,Sonia R.,Brasov
918,2025-07-06,Laptop ASUS,Mobile,3771,1,0,3771.0,699.66,Anna L.,Iasi
919,2025-07-07,Samsung TV,Accessories,742,2,15,1261.4,154.64,Darius M.,Oradea
920,2025-07-08,iPhone 14,Accessories,1543,2,20,2468.8,622.49,Maria T.,Bucharest
921,2025-07-09,Laptop ASUS,Tablets,3045,4,20,9744.0,2545.39,Sonia R.,Iasi
922,2025-07-10,Gaming Mouse,Audio,1819,2,0,3638.0,735.24,Christina N.,Cluj
923,2025-07-11,iPhone 14,Accessories,1613,1,15,1371.05,357.44,Sonia R.,Bucharest
924,2025-07-12,Smartwatch,Audio,1583,2,10,2849.4,718.22,Anna L.,Timisoara
925,2025-07-13,Smartwatch,Audio,4296,4,15,14606.4,4024.58,Michael B.,Brasov
926,2025-07-14,iPhone 14,Electronics,4931,3,0,14793.0,2244.06,Andrew P.,Timisoara
927,2025-07-15,Laptop ASUS,Monitors,4982,3,0,14946.0,2268.0,Maria T.,Constanta
928,2025-07-16,Portable Speaker,Accessories,4170,4,15,14178.0,1779.24,Maria T.,Sibiu
929,2025-07-17,Gaming Mouse,Audio,3669,3,10,9906.3,2028.16,Christina N.,Sibiu
930,2025-07-18,iPad Tablet,Accessories,1939,2,20,3102.4,323.5,Michael B.,Arad
931,2025-07-19,Gaming Mouse,Accessories,2241,4,10,8067.6,1926.15,John D.,Timisoara
932,2025-07-20,Smartwatch,Electronics,1742,5,15,7403.5,857.06,Sonia R.,Brasov
933,2025-07-21,LG Monitor,Accessories,394,5,15,1674.5,407.17,Darius M.,Bucharest
934,2025-07-22,Mechanical Keyboard,Electronics,2546,2,15,4328.2,740.43,Darius M.,Cluj
935,2025-07-23,Gaming Mouse,Accessories,2938,2,5,5582.2,960.6,Michael B.,Arad
936,2025-07-24,iPad Tablet,Accessories,3452,3,5,9838.2,2619.98,Maria T.,Galati
937,2025-07-25,Mechanical Keyboard,Audio,4397,5,15,18687.25,4873.67,Darius M.,Galati
938,2025-07-26,LG Monitor,Monitors,3264,4,0,13056.0,2048.35,Sonia R.,Brasov
939,2025-07-27,iPad Tablet,Electronics,3429,4,5,13030.2,3742.35,Christina N.,Constanta
940,2025-07-28,Portable Speaker,Accessories,971,3,0,2913.0,426.05,Anna L.,Iasi
941,2025-07-29,iPad Tablet,Accessories,2950,3,20,7080.0,1219.31,Maria T.,Bucharest
942,2025-07-30,iPad Tablet,Accessories,4066,2,5,7725.4,2136.17,Michael B.,Galati
943,2025-07-31,Samsung TV,Electronics,528,3,15,1346.4,233.24,Anna L.,Arad
944,2025-08-01,Gaming Mouse,Accessories,3010,2,20,4816.0,1033.91,Darius M.,Cluj
945,2025-08-02,Mechanical Keyboard,Accessories,4428,5,5,21033.0,2689.14,Anna L.,Constanta
946,2025-08-03,Wireless Headphones,Audio,838,3,0,2514.0,633.99,Sonia R.,Constanta
947,2025-08-04,iPhone 14,Accessories,3587,1,5,3407.65,635.47,Michael B.,Bucharest
948,2025-08-05,iPad Tablet,Monitors,3633,2,0,7266.0,1701.54,Elena F.,Constanta
949,2025-08-06,Gaming Mouse,Tablets,4514,4,10,16250.4,3968.85,Maria T.,Arad
950,2025-08-07,Smartwatch,Electronics,2146,3,5,6116.1,1650.97,Elena F.,Brasov
951,2025-08-08,Smartwatch,Mobile,2418,5,0,12090.0,1951.73,Christina N.,Bucharest
952,2025-08-09,Smartwatch,Accessories,1171,4,20,3747.2,672.31,Sonia R.,Galati
953,2025-08-10,LG Monitor,Electronics,2331,5,15,9906.75,1486.52,Anna L.,Arad
954,2025-08-11,Portable Speaker,Electronics,4157,5,10,18706.5,2866.33,Sonia R.,Iasi
955,2025-08-12,Smartwatch,Accessories,2460,2,5,4674.0,1315.22,Sonia R.,Timisoara
956,2025-08-13,Portable Speaker,Audio,223,3,5,635.55,138.81,Sonia R.,Timisoara
957,2025-08-14,LG Monitor,Accessories,549,2,10,988.2,101.04,Vlad C.,Iasi
958,2025-08-15,Samsung TV,Accessories,4447,3,20,10672.8,2539.77,Elena F.,Sibiu
959,2025-08-16,Wireless Headphones,Monitors,3800,2,20,6080.0,1634.99,Christina N.,Brasov
960,2025-08-17,Gaming Mouse,Accessories,2406,5,0,12030.0,2728.97,Sonia R.,Bucharest
961,2025-08-18,Laptop ASUS,Monitors,1909,2,10,3436.2,576.22,John D.,Cluj
962,2025-08-19,iPhone 14,Accessories,2290,2,0,4580.0,1180.84,Darius M.,Arad
963,2025-08-20,Laptop ASUS,Accessories,3700,4,0,14800.0,1685.48,Christina N.,Sibiu
964,2025-08-21,Wireless Headphones,Electronics,947,5,15,4024.75,731.73,Darius M.,Bucharest
965,2025-08-22,Wireless Headphones,Accessories,464,4,15,1577.6,221.61,Christina N.,Sibiu
966,2025-08-23,iPad Tablet,Tablets,379,3,0,1137.0,310.91,Vlad C.,Sibiu
967,2025-08-24,Portable Speaker,Audio,2573,4,5,9777.4,1212.27,Christina N.,Galati
968,2025-08-25,Samsung TV,Audio,4858,5,0,24290.0,6936.09,Christina N.,Brasov
969,2025-08-26,Portable Speaker,Tablets,2057,5,15,8742.25,1776.02,Michael B.,Galati
970,2025-08-27,Mechanical Keyboard,Electronics,2299,1,0,2299.0,257.91,Andrew P.,Timisoara
971,2025-08-28,Portable Speaker,Accessories,3701,3,0,11103.0,1208.25,Andrew P.,Iasi
972,2025-08-29,Gaming Mouse,Monitors,837,1,15,711.45,99.5,Sonia R.,Sibiu
973,2025-08-30,LG Monitor,Electronics,4797,1,0,4797.0,1208.47,Darius M.,Timisoara
974,2025-08-31,LG Monitor,Monitors,1730,3,15,4411.5,1016.39,Andrew P.,Arad
975,2025-09-01,iPad Tablet,Electronics,3306,5,5,15703.5,2495.6,Anna L.,Timisoara
976,2025-09-02,Gaming Mouse,Mobile,1155,3,20,2772.0,663.15,Michael B.,Arad
977,2025-09-03,Laptop ASUS,Accessories,2826,5,10,12717.0,3128.22,Andrew P.,Cluj
978,2025-09-04,Smartwatch,Accessories,2906,3,10,7846.2,2190.21,Anna L.,Sibiu
979,2025-09-05,LG Monitor,Electronics,2667,5,10,12001.5,2418.81,Christina N.,Oradea
980,2025-09-06,Smartwatch,Electronics,216,1,15,183.6,30.76,Elena F.,Brasov
981,2025-09-07,Wireless Headphones,Audio,4182,5,5,19864.5,3973.28,Anna L.,Brasov
982,2025-09-08,iPad Tablet,Electronics,2620,5,20,10480.0,2549.92,Andrew P.,Sibiu
983,2025-09-09,Samsung TV,Accessories,2756,4,0,11024.0,2423.84,John D.,Bucharest
984,2025-09-10,Wireless Headphones,Mobile,1192,3,20,2860.8,394.9,Andrew P.,Cluj
985,2025-09-11,Laptop ASUS,Accessories,3081,1,5,2926.95,293.3,Sonia R.,Iasi
986,2025-09-12,Samsung TV,Mobile,3062,3,15,7808.1,1547.81,John D.,Brasov
987,2025-09-13,Mechanical Keyboard,Accessories,1904,2,10,3427.2,484.38,Andrew P.,Galati
988,2025-09-14,Laptop ASUS,Electronics,3750,2,5,7125.0,1192.75,Vlad C.,Arad
989,2025-09-15,iPhone 14,Accessories,1014,4,5,3853.2,607.46,Andrew P.,Bucharest
990,2025-09-16,Wireless Headphones,Mobile,4442,1,0,4442.0,1301.67,John D.,Oradea
991,2025-09-17,Portable Speaker,Accessories,1621,4,20,5187.2,1450.77,Vlad C.,Bucharest
992,2025-09-18,iPad Tablet,Accessories,2389,5,5,11347.75,1242.57,Sonia R.,Oradea
993,2025-09-19,Smartwatch,Accessories,204,3,15,520.2,146.09,John D.,Timisoara
994,2025-09-20,Samsung TV,Accessories,4773,3,0,14319.0,3095.56,Andrew P.,Bucharest
995,2025-09-21,Samsung TV,Accessories,4109,2,15,6985.3,1458.63,Elena F.,Arad
996,2025-09-22,Samsung TV,Electronics,3439,2,0,6878.0,2024.23,John D.,Oradea
997,2025-09-23,iPhone 14,Accessories,827,2,5,1571.3,371.8,John D.,Sibiu
998,2025-09-24,iPad Tablet,Tablets,4248,4,0,16992.0,2793.64,Darius M.,Timisoara
999,2025-09-25,Laptop ASUS,Tablets,1846,2,0,3692.0,570.54,John D.,Oradea
1000,2025-09-26,iPad Tablet,Accessories,4738,4,10,17056.8,2856.63,Darius M.,Constanta
